2026-08-10 19:59:29,875 INFO config=configs/tse_b3_v3.yaml device=cuda seed=20260813 amp=False sv_mode=campplus
2026-08-10 19:59:29,985 INFO torch=2.1.2+cu118 cuda=True
2026-08-10 19:59:29,986 INFO EnrollmentAdapter mode=campplus emb_dim=192
2026-08-10 19:59:29,990 WARNING [CAMPLUS FORCE LOAD] 第 1/3 次尝试失败: Campplus 后端加载失败: speakerlab 不可用: No module named 'speakerlab'
请确认 speakerlab_source 已克隆到 P4_project/artifacts/models/speakerlab_source/，且路径已加入 sys.path。，1s 后重试
2026-08-10 19:59:30,992 INFO CAMPLUS 后端全局加载成功（train/dev 全部共用真实声纹，无 silent fallback）
2026-08-10 19:59:30,992 INFO P1 v3 单 manifest 模式：manifest=manifest.jsonl train_split=train dev_split=dev
2026-08-10 19:59:31,958 INFO 加载 manifest=manifest.jsonl scene_mode=b3 split_name=train total=30000 (skipped_split=9000 scenario=20000)
2026-08-10 19:59:31,959 INFO CAMPLUS 后端已由主函数预加载（scene_mode=b3），跳过重复加载
2026-08-10 19:59:31,959 INFO Dataset 场景模式: b3 split=train (总 30000 条 manifest)
2026-08-10 19:59:32,721 INFO 加载 manifest=manifest.jsonl scene_mode=b3 split_name=dev total=3000 (skipped_split=54000 scenario=2000)
2026-08-10 19:59:32,722 INFO CAMPLUS 后端已由主函数预加载（scene_mode=b3），跳过重复加载
2026-08-10 19:59:32,722 INFO Dataset 场景模式: b3 split=dev (总 3000 条 manifest)
2026-08-10 19:59:32,722 INFO scene_mode=b3 split=[train=train,dev=dev] train=30000 条 dev=3000 条 batch=16 seg=8s drop_last=True
2026-08-10 19:59:33,229 INFO 参数量 1349891
2026-08-10 19:59:33,249 INFO Warm-start 从 artifacts/experiments/B1_50K_RESUME_seed20260723/checkpoint_step20000.pt 加载权重（step=20000）
2026-08-10 19:59:33,757 INFO [ACT LEN FIX] sample-level activity 360 → 57600 (len(mix)), ratio=160.000  [后续将每 1000 次汇总 1 条]
2026-08-10 19:59:33,758 INFO [ACT LEN FIX] sample-level activity 360 → 57600 (len(mix)), ratio=160.000  [后续将每 1000 次汇总 1 条]
2026-08-10 19:59:34,006 INFO 基线 SI-SDR(mixture)=-22.79 dB
2026-08-10 19:59:34,107 INFO [SHAPE step0] PyTorch=2.1.2+cu118 device=cuda:0 | mix=(16, 128000) target=(16, 128000) frame_act(label)=(16, 1001) | s_tgt=(16, 128000) s_res=(16, 128000) p_tgt(model)=(16, 1001) | seg_samples(cfg)=128000 n_fft=512 hop=128 win=512 sr=16000 → 理论 STFT 帧数(center=True)=1001  frame_activity 期望帧数=1001
2026-08-10 19:59:34,177 INFO step=0/20000 total=866266.6250 si_sdr=-0.48 si_sdri=22.30 lr=3.00e-06 |g|=0.000 mem=1.35GB 423ms/step data=40%
2026-08-10 19:59:35,653 INFO step=25/20000 total=279668.8125 si_sdr=-2.35 si_sdri=20.44 lr=7.80e-05 |g|=1951365.125 mem=2.18GB 52ms/step data=0%
2026-08-10 19:59:37,116 INFO step=50/20000 total=9890.6494 si_sdr=-2.79 si_sdri=19.99 lr=1.53e-04 |g|=21682.420 mem=2.18GB 66ms/step data=0%
2026-08-10 19:59:38,498 INFO step=75/20000 total=4686.3555 si_sdr=-5.42 si_sdri=17.37 lr=2.28e-04 |g|=23530.131 mem=2.18GB 49ms/step data=0%
2026-08-10 19:59:39,793 INFO step=100/20000 total=645.6414 si_sdr=-7.21 si_sdri=15.58 lr=3.00e-04 |g|=2012.363 mem=2.18GB 51ms/step data=0%
2026-08-10 19:59:40,777 INFO Dataset 样本统计 [total=1000] present=0 absent=346 swap=654
2026-08-10 19:59:40,827 INFO Dataset 样本统计 [total=1000] present=0 absent=338 swap=662
2026-08-10 19:59:41,145 INFO step=125/20000 total=98.7562 si_sdr=-4.33 si_sdri=18.46 lr=3.00e-04 |g|=291.261 mem=2.18GB 76ms/step data=0%
2026-08-10 19:59:42,677 INFO step=150/20000 total=29.1734 si_sdr=-4.21 si_sdri=18.58 lr=3.00e-04 |g|=48.634 mem=2.18GB 51ms/step data=1%
2026-08-10 19:59:43,953 INFO step=175/20000 total=13.8734 si_sdr=-4.54 si_sdri=18.24 lr=3.00e-04 |g|=127.792 mem=2.18GB 50ms/step data=0%
2026-08-10 19:59:44,370 INFO [ACT LEN FIX] 累计 1000 次 (最近 ratio=160.000)
2026-08-10 19:59:44,446 INFO [ACT LEN FIX] 累计 1000 次 (最近 ratio=160.000)
2026-08-10 19:59:45,249 INFO step=200/20000 total=12.6519 si_sdr=-3.72 si_sdri=19.07 lr=3.00e-04 |g|=17.592 mem=2.18GB 52ms/step data=1%
2026-08-10 19:59:46,979 INFO step=225/20000 total=9.3621 si_sdr=-3.00 si_sdri=19.79 lr=3.00e-04 |g|=36.054 mem=2.18GB 63ms/step data=0%
2026-08-10 19:59:48,048 INFO Dataset 样本统计 [total=2000] present=0 absent=685 swap=1315
2026-08-10 19:59:48,107 INFO Dataset 样本统计 [total=2000] present=0 absent=663 swap=1337
2026-08-10 19:59:48,398 INFO step=250/20000 total=10.7610 si_sdr=-3.66 si_sdri=19.13 lr=3.00e-04 |g|=15.380 mem=2.18GB 55ms/step data=0%
2026-08-10 19:59:49,694 INFO step=275/20000 total=8.9150 si_sdr=-2.92 si_sdri=19.87 lr=3.00e-04 |g|=25.596 mem=2.18GB 49ms/step data=0%
2026-08-10 19:59:51,203 INFO step=300/20000 total=8.9530 si_sdr=-2.90 si_sdri=19.89 lr=3.00e-04 |g|=11.315 mem=2.18GB 67ms/step data=0%
2026-08-10 19:59:52,578 INFO step=325/20000 total=11.1189 si_sdr=-4.31 si_sdri=18.47 lr=3.00e-04 |g|=13.880 mem=2.18GB 50ms/step data=0%
2026-08-10 19:59:53,923 INFO step=350/20000 total=11.0885 si_sdr=-4.16 si_sdri=18.63 lr=3.00e-04 |g|=34.944 mem=2.18GB 49ms/step data=0%
2026-08-10 19:59:54,945 INFO [ACT LEN FIX] 累计 2000 次 (最近 ratio=160.000)
2026-08-10 19:59:55,072 INFO Dataset 样本统计 [total=3000] present=0 absent=1036 swap=1964
2026-08-10 19:59:55,130 INFO Dataset 样本统计 [total=3000] present=0 absent=974 swap=2026
2026-08-10 19:59:55,364 INFO [ACT LEN FIX] 累计 2000 次 (最近 ratio=160.000)
2026-08-10 19:59:55,416 INFO step=375/20000 total=11.2083 si_sdr=-4.34 si_sdri=18.44 lr=3.00e-04 |g|=16.679 mem=2.18GB 60ms/step data=0%
2026-08-10 19:59:56,879 INFO step=400/20000 total=6.5408 si_sdr=-2.14 si_sdri=20.65 lr=3.00e-04 |g|=24.924 mem=2.18GB 63ms/step data=0%
2026-08-10 19:59:58,327 INFO step=425/20000 total=12.0170 si_sdr=-4.68 si_sdri=18.10 lr=3.00e-04 |g|=41.339 mem=2.18GB 52ms/step data=0%
2026-08-10 19:59:59,640 INFO step=450/20000 total=9.3769 si_sdr=-3.19 si_sdri=19.60 lr=3.00e-04 |g|=24.424 mem=2.18GB 50ms/step data=0%
2026-08-10 20:00:00,940 INFO step=475/20000 total=13.5152 si_sdr=-5.54 si_sdri=17.24 lr=3.00e-04 |g|=17.923 mem=2.18GB 50ms/step data=0%
2026-08-10 20:00:01,919 INFO Dataset 样本统计 [total=4000] present=0 absent=1384 swap=2616
2026-08-10 20:00:01,974 INFO Dataset 样本统计 [total=4000] present=0 absent=1293 swap=2707
2026-08-10 20:00:02,247 INFO step=500/20000 total=6.2747 si_sdr=-1.72 si_sdri=21.07 lr=3.00e-04 |g|=26.954 mem=2.18GB 52ms/step data=0%
2026-08-10 20:00:02,317 INFO 存 checkpoint: checkpoint_step500.pt
2026-08-10 20:00:02,324 INFO [ACT LEN FIX] sample-level activity 360 → 57600 (len(mix)), ratio=160.000  [后续将每 1000 次汇总 1 条]
2026-08-10 20:00:05,974 INFO Dataset 样本统计 [total=1000] present=0 absent=333 swap=667
2026-08-10 20:00:07,768 INFO [ACT LEN FIX] 累计 1000 次 (最近 ratio=160.000)
2026-08-10 20:00:09,600 INFO Dataset 样本统计 [total=2000] present=0 absent=666 swap=1334
2026-08-10 20:00:13,236 INFO [ACT LEN FIX] 累计 2000 次 (最近 ratio=160.000)
2026-08-10 20:00:13,236 INFO Dataset 样本统计 [total=3000] present=0 absent=1000 swap=2000
2026-08-10 20:00:13,264 INFO   dev_loss=8.4034 dev_sisdr=-2.93 dB
2026-08-10 20:00:14,583 INFO step=525/20000 total=10.3739 si_sdr=-4.19 si_sdri=18.60 lr=3.00e-04 |g|=26.870 mem=2.18GB 62ms/step data=1%
2026-08-10 20:00:16,013 INFO step=550/20000 total=10.7139 si_sdr=-4.33 si_sdri=18.46 lr=3.00e-04 |g|=34.351 mem=2.18GB 49ms/step data=1%
2026-08-10 20:00:16,196 INFO [ACT LEN FIX] 累计 3000 次 (最近 ratio=160.000)
2026-08-10 20:00:16,442 INFO [ACT LEN FIX] 累计 3000 次 (最近 ratio=160.000)
2026-08-10 20:00:17,287 INFO step=575/20000 total=8.4659 si_sdr=-3.01 si_sdri=19.78 lr=3.00e-04 |g|=21.466 mem=2.18GB 51ms/step data=0%
2026-08-10 20:00:18,615 INFO step=600/20000 total=10.0688 si_sdr=-3.80 si_sdri=18.99 lr=3.00e-04 |g|=28.521 mem=2.18GB 54ms/step data=0%
2026-08-10 20:00:19,620 INFO Dataset 样本统计 [total=5000] present=0 absent=1709 swap=3291
2026-08-10 20:00:19,672 INFO Dataset 样本统计 [total=5000] present=0 absent=1632 swap=3368
2026-08-10 20:00:19,912 INFO step=625/20000 total=6.1754 si_sdr=-1.64 si_sdri=21.15 lr=2.99e-04 |g|=30.824 mem=2.18GB 50ms/step data=1%
2026-08-10 20:00:21,235 INFO step=650/20000 total=10.3439 si_sdr=-3.93 si_sdri=18.86 lr=2.99e-04 |g|=40.455 mem=2.18GB 53ms/step data=0%
2026-08-10 20:00:22,572 INFO step=675/20000 total=8.2967 si_sdr=-3.01 si_sdri=19.77 lr=2.99e-04 |g|=35.956 mem=2.18GB 62ms/step data=1%
2026-08-10 20:00:24,023 INFO step=700/20000 total=8.6682 si_sdr=-3.11 si_sdri=19.68 lr=2.99e-04 |g|=25.826 mem=2.18GB 65ms/step data=0%
2026-08-10 20:00:25,375 INFO step=725/20000 total=8.3986 si_sdr=-2.87 si_sdri=19.91 lr=2.99e-04 |g|=31.272 mem=2.18GB 49ms/step data=0%
2026-08-10 20:00:26,129 INFO [ACT LEN FIX] 累计 4000 次 (最近 ratio=160.000)
2026-08-10 20:00:26,342 INFO Dataset 样本统计 [total=6000] present=0 absent=2034 swap=3966
2026-08-10 20:00:26,393 INFO Dataset 样本统计 [total=6000] present=0 absent=1955 swap=4045
2026-08-10 20:00:26,474 INFO [ACT LEN FIX] 累计 4000 次 (最近 ratio=160.000)
2026-08-10 20:00:26,667 INFO step=750/20000 total=6.4353 si_sdr=-1.87 si_sdri=20.91 lr=2.99e-04 |g|=24.170 mem=2.18GB 52ms/step data=0%
2026-08-10 20:00:27,963 INFO step=775/20000 total=6.7572 si_sdr=-2.09 si_sdri=20.69 lr=2.99e-04 |g|=22.579 mem=2.18GB 55ms/step data=0%
2026-08-10 20:00:29,355 INFO step=800/20000 total=8.6499 si_sdr=-3.27 si_sdri=19.52 lr=2.99e-04 |g|=46.620 mem=2.18GB 50ms/step data=0%
2026-08-10 20:00:30,647 INFO step=825/20000 total=10.3322 si_sdr=-4.17 si_sdri=18.61 lr=2.99e-04 |g|=33.908 mem=2.18GB 51ms/step data=1%
2026-08-10 20:00:31,939 INFO step=850/20000 total=9.2864 si_sdr=-3.58 si_sdri=19.21 lr=2.99e-04 |g|=29.284 mem=2.18GB 50ms/step data=0%
2026-08-10 20:00:33,020 INFO Dataset 样本统计 [total=7000] present=0 absent=2378 swap=4622
2026-08-10 20:00:33,088 INFO Dataset 样本统计 [total=7000] present=0 absent=2293 swap=4707
2026-08-10 20:00:33,440 INFO step=875/20000 total=5.1121 si_sdr=-1.58 si_sdri=21.20 lr=2.99e-04 |g|=31.627 mem=2.18GB 76ms/step data=1%
2026-08-10 20:00:34,915 INFO step=900/20000 total=6.5857 si_sdr=-2.20 si_sdri=20.58 lr=2.99e-04 |g|=35.610 mem=2.18GB 51ms/step data=0%
2026-08-10 20:00:36,121 INFO [ACT LEN FIX] 累计 5000 次 (最近 ratio=160.000)
2026-08-10 20:00:36,198 INFO step=925/20000 total=4.6285 si_sdr=-1.24 si_sdri=21.55 lr=2.99e-04 |g|=32.093 mem=2.18GB 50ms/step data=1%
2026-08-10 20:00:36,579 INFO [ACT LEN FIX] 累计 5000 次 (最近 ratio=160.000)
2026-08-10 20:00:37,484 INFO step=950/20000 total=7.7614 si_sdr=-3.07 si_sdri=19.72 lr=2.99e-04 |g|=15.750 mem=2.18GB 51ms/step data=0%
2026-08-10 20:00:38,797 INFO step=975/20000 total=6.1992 si_sdr=-2.14 si_sdri=20.65 lr=2.99e-04 |g|=35.853 mem=2.18GB 53ms/step data=0%
2026-08-10 20:00:39,767 INFO Dataset 样本统计 [total=8000] present=0 absent=2680 swap=5320
2026-08-10 20:00:39,818 INFO Dataset 样本统计 [total=8000] present=0 absent=2635 swap=5365
2026-08-10 20:00:40,096 INFO step=1000/20000 total=9.8894 si_sdr=-3.96 si_sdri=18.82 lr=2.98e-04 |g|=46.142 mem=2.18GB 53ms/step data=2%
2026-08-10 20:00:40,163 INFO 存 checkpoint: checkpoint_step1000.pt
2026-08-10 20:00:43,715 INFO Dataset 样本统计 [total=4000] present=0 absent=1333 swap=2667
2026-08-10 20:00:45,485 INFO [ACT LEN FIX] 累计 3000 次 (最近 ratio=160.000)
2026-08-10 20:00:47,329 INFO Dataset 样本统计 [total=5000] present=0 absent=1666 swap=3334
2026-08-10 20:00:51,147 INFO [ACT LEN FIX] 累计 4000 次 (最近 ratio=160.000)
2026-08-10 20:00:51,147 INFO Dataset 样本统计 [total=6000] present=0 absent=2000 swap=4000
2026-08-10 20:00:51,172 INFO   dev_loss=6.8809 dev_sisdr=-2.32 dB
2026-08-10 20:00:52,693 INFO step=1025/20000 total=6.7273 si_sdr=-2.27 si_sdri=20.51 lr=2.98e-04 |g|=25.140 mem=2.18GB 53ms/step data=1%
2026-08-10 20:00:53,967 INFO step=1050/20000 total=4.0250 si_sdr=-0.81 si_sdri=21.97 lr=2.98e-04 |g|=46.042 mem=2.18GB 49ms/step data=0%
2026-08-10 20:00:55,247 INFO step=1075/20000 total=7.0160 si_sdr=-2.24 si_sdri=20.54 lr=2.98e-04 |g|=25.437 mem=2.18GB 50ms/step data=0%
2026-08-10 20:00:56,531 INFO step=1100/20000 total=5.0073 si_sdr=-1.25 si_sdri=21.53 lr=2.98e-04 |g|=34.174 mem=2.18GB 51ms/step data=0%
2026-08-10 20:00:57,382 INFO [ACT LEN FIX] 累计 6000 次 (最近 ratio=160.000)
2026-08-10 20:00:57,568 INFO [ACT LEN FIX] 累计 6000 次 (最近 ratio=195.918)
2026-08-10 20:00:57,625 INFO Dataset 样本统计 [total=9000] present=0 absent=3010 swap=5990
2026-08-10 20:00:57,693 INFO Dataset 样本统计 [total=9000] present=0 absent=2945 swap=6055
2026-08-10 20:00:57,957 INFO step=1125/20000 total=7.3460 si_sdr=-2.56 si_sdri=20.23 lr=2.98e-04 |g|=36.514 mem=2.18GB 56ms/step data=1%
2026-08-10 20:00:59,328 INFO step=1150/20000 total=5.2335 si_sdr=-1.32 si_sdri=21.47 lr=2.98e-04 |g|=37.587 mem=2.18GB 52ms/step data=0%
2026-08-10 20:01:00,740 INFO step=1175/20000 total=5.6042 si_sdr=-1.80 si_sdri=20.99 lr=2.98e-04 |g|=31.106 mem=2.18GB 51ms/step data=0%
2026-08-10 20:01:02,135 INFO step=1200/20000 total=4.7168 si_sdr=-1.24 si_sdri=21.55 lr=2.98e-04 |g|=23.512 mem=2.18GB 67ms/step data=0%
2026-08-10 20:01:03,543 INFO step=1225/20000 total=7.9784 si_sdr=-2.78 si_sdri=20.01 lr=2.98e-04 |g|=27.517 mem=2.18GB 51ms/step data=0%
2026-08-10 20:01:04,507 INFO Dataset 样本统计 [total=10000] present=0 absent=3335 swap=6665
2026-08-10 20:01:04,559 INFO Dataset 样本统计 [total=10000] present=0 absent=3298 swap=6702
2026-08-10 20:01:04,833 INFO step=1250/20000 total=6.6932 si_sdr=-2.37 si_sdri=20.42 lr=2.98e-04 |g|=17.936 mem=2.18GB 51ms/step data=0%
2026-08-10 20:01:06,127 INFO step=1275/20000 total=7.3335 si_sdr=-2.41 si_sdri=20.38 lr=2.97e-04 |g|=28.486 mem=2.18GB 50ms/step data=0%
2026-08-10 20:01:07,671 INFO step=1300/20000 total=7.8427 si_sdr=-2.80 si_sdri=19.99 lr=2.97e-04 |g|=19.750 mem=2.18GB 50ms/step data=1%
2026-08-10 20:01:07,984 INFO [ACT LEN FIX] 累计 7000 次 (最近 ratio=160.000)
2026-08-10 20:01:08,038 INFO [ACT LEN FIX] 累计 7000 次 (最近 ratio=160.000)
2026-08-10 20:01:08,949 INFO step=1325/20000 total=4.7903 si_sdr=-1.17 si_sdri=21.62 lr=2.97e-04 |g|=25.226 mem=2.18GB 49ms/step data=0%
2026-08-10 20:01:10,229 INFO step=1350/20000 total=6.3313 si_sdr=-2.20 si_sdri=20.58 lr=2.97e-04 |g|=53.348 mem=2.18GB 50ms/step data=0%
2026-08-10 20:01:11,273 INFO Dataset 样本统计 [total=11000] present=0 absent=3691 swap=7309
2026-08-10 20:01:11,334 INFO Dataset 样本统计 [total=11000] present=0 absent=3641 swap=7359
2026-08-10 20:01:11,625 INFO step=1375/20000 total=7.9754 si_sdr=-2.95 si_sdri=19.83 lr=2.97e-04 |g|=35.262 mem=2.18GB 65ms/step data=0%
2026-08-10 20:01:13,079 INFO step=1400/20000 total=2.5159 si_sdr=-0.15 si_sdri=22.63 lr=2.97e-04 |g|=30.512 mem=2.18GB 51ms/step data=0%
2026-08-10 20:01:14,537 INFO step=1425/20000 total=4.5671 si_sdr=-1.23 si_sdri=21.56 lr=2.97e-04 |g|=17.733 mem=2.18GB 54ms/step data=0%
2026-08-10 20:01:15,823 INFO step=1450/20000 total=5.0613 si_sdr=-1.43 si_sdri=21.36 lr=2.97e-04 |g|=30.751 mem=2.18GB 53ms/step data=0%
2026-08-10 20:01:17,345 INFO step=1475/20000 total=6.1399 si_sdr=-2.10 si_sdri=20.69 lr=2.96e-04 |g|=27.104 mem=2.18GB 49ms/step data=0%
2026-08-10 20:01:18,179 INFO [ACT LEN FIX] 累计 8000 次 (最近 ratio=160.000)
2026-08-10 20:01:18,300 INFO Dataset 样本统计 [total=12000] present=0 absent=4033 swap=7967
2026-08-10 20:01:18,355 INFO Dataset 样本统计 [total=12000] present=0 absent=3975 swap=8025
2026-08-10 20:01:18,533 INFO [ACT LEN FIX] 累计 8000 次 (最近 ratio=160.000)
2026-08-10 20:01:18,624 INFO step=1500/20000 total=5.1195 si_sdr=-1.49 si_sdri=21.30 lr=2.96e-04 |g|=15.981 mem=2.18GB 49ms/step data=0%
2026-08-10 20:01:18,690 INFO 存 checkpoint: checkpoint_step1500.pt
2026-08-10 20:01:22,539 INFO Dataset 样本统计 [total=7000] present=0 absent=2333 swap=4667
2026-08-10 20:01:24,305 INFO [ACT LEN FIX] 累计 5000 次 (最近 ratio=160.000)
2026-08-10 20:01:26,077 INFO Dataset 样本统计 [total=8000] present=0 absent=2666 swap=5334
2026-08-10 20:01:29,701 INFO [ACT LEN FIX] 累计 6000 次 (最近 ratio=160.000)
2026-08-10 20:01:29,702 INFO Dataset 样本统计 [total=9000] present=0 absent=3000 swap=6000
2026-08-10 20:01:29,726 INFO   dev_loss=6.4001 dev_sisdr=-2.14 dB
2026-08-10 20:01:31,065 INFO step=1525/20000 total=8.3670 si_sdr=-3.19 si_sdri=19.59 lr=2.96e-04 |g|=50.825 mem=2.18GB 53ms/step data=0%
2026-08-10 20:01:32,501 INFO step=1550/20000 total=6.2080 si_sdr=-2.05 si_sdri=20.74 lr=2.96e-04 |g|=16.025 mem=2.18GB 54ms/step data=1%
2026-08-10 20:01:33,862 INFO step=1575/20000 total=4.6075 si_sdr=-1.21 si_sdri=21.58 lr=2.96e-04 |g|=16.411 mem=2.18GB 51ms/step data=0%
2026-08-10 20:01:35,132 INFO step=1600/20000 total=3.9444 si_sdr=-0.96 si_sdri=21.83 lr=2.96e-04 |g|=26.919 mem=2.18GB 49ms/step data=0%
2026-08-10 20:01:36,111 INFO Dataset 样本统计 [total=13000] present=0 absent=4388 swap=8612
2026-08-10 20:01:36,161 INFO Dataset 样本统计 [total=13000] present=0 absent=4285 swap=8715
2026-08-10 20:01:36,398 INFO step=1625/20000 total=5.3145 si_sdr=-1.63 si_sdri=21.16 lr=2.96e-04 |g|=23.614 mem=2.18GB 52ms/step data=0%
2026-08-10 20:01:37,647 INFO step=1650/20000 total=10.0449 si_sdr=-3.92 si_sdri=18.86 lr=2.96e-04 |g|=33.008 mem=2.18GB 50ms/step data=0%
2026-08-10 20:01:38,930 INFO step=1675/20000 total=4.1705 si_sdr=-0.97 si_sdri=21.82 lr=2.95e-04 |g|=23.239 mem=2.18GB 50ms/step data=0%
2026-08-10 20:01:39,149 INFO [ACT LEN FIX] 累计 9000 次 (最近 ratio=177.778)
2026-08-10 20:01:39,617 INFO [ACT LEN FIX] 累计 9000 次 (最近 ratio=166.957)
2026-08-10 20:01:40,204 INFO step=1700/20000 total=4.4839 si_sdr=-1.11 si_sdri=21.68 lr=2.95e-04 |g|=42.494 mem=2.18GB 51ms/step data=0%
2026-08-10 20:01:41,523 INFO step=1725/20000 total=3.4515 si_sdr=-0.72 si_sdri=22.07 lr=2.95e-04 |g|=23.331 mem=2.18GB 59ms/step data=0%
2026-08-10 20:01:42,508 INFO Dataset 样本统计 [total=14000] present=0 absent=4685 swap=9315
2026-08-10 20:01:42,559 INFO Dataset 样本统计 [total=14000] present=0 absent=4619 swap=9381
2026-08-10 20:01:42,848 INFO step=1750/20000 total=6.1837 si_sdr=-2.27 si_sdri=20.52 lr=2.95e-04 |g|=29.695 mem=2.18GB 52ms/step data=0%
2026-08-10 20:01:44,168 INFO step=1775/20000 total=4.8459 si_sdr=-1.34 si_sdri=21.45 lr=2.95e-04 |g|=27.638 mem=2.18GB 54ms/step data=0%
2026-08-10 20:01:45,468 INFO step=1800/20000 total=6.5555 si_sdr=-2.42 si_sdri=20.37 lr=2.95e-04 |g|=26.510 mem=2.18GB 50ms/step data=0%
2026-08-10 20:01:46,789 INFO step=1825/20000 total=6.3902 si_sdr=-2.24 si_sdri=20.55 lr=2.94e-04 |g|=30.918 mem=2.18GB 64ms/step data=0%
2026-08-10 20:01:48,103 INFO step=1850/20000 total=6.6705 si_sdr=-2.37 si_sdri=20.42 lr=2.94e-04 |g|=34.362 mem=2.18GB 50ms/step data=0%
2026-08-10 20:01:48,920 INFO [ACT LEN FIX] 累计 10000 次 (最近 ratio=160.000)
2026-08-10 20:01:49,139 INFO Dataset 样本统计 [total=15000] present=0 absent=5047 swap=9953
2026-08-10 20:01:49,548 INFO [ACT LEN FIX] sample-level activity 360 → 57600 (len(mix)), ratio=160.000  [后续将每 1000 次汇总 1 条]
2026-08-10 20:01:49,548 INFO [ACT LEN FIX] sample-level activity 360 → 57600 (len(mix)), ratio=160.000  [后续将每 1000 次汇总 1 条]
2026-08-10 20:01:49,795 INFO step=1875/20000 total=10.1136 si_sdr=-4.14 si_sdri=18.64 lr=2.94e-04 |g|=30.673 mem=2.18GB 423ms/step data=83%
2026-08-10 20:01:51,106 INFO step=1900/20000 total=4.0098 si_sdr=-0.88 si_sdri=21.91 lr=2.94e-04 |g|=19.984 mem=2.18GB 51ms/step data=0%
2026-08-10 20:01:52,394 INFO step=1925/20000 total=0.6039 si_sdr=0.74 si_sdri=23.53 lr=2.94e-04 |g|=20.108 mem=2.18GB 51ms/step data=0%
2026-08-10 20:01:53,660 INFO step=1950/20000 total=7.9287 si_sdr=-2.97 si_sdri=19.82 lr=2.94e-04 |g|=15.329 mem=2.18GB 49ms/step data=0%
2026-08-10 20:01:54,955 INFO step=1975/20000 total=4.7515 si_sdr=-1.45 si_sdri=21.33 lr=2.93e-04 |g|=17.707 mem=2.18GB 52ms/step data=0%
2026-08-10 20:01:55,958 INFO Dataset 样本统计 [total=1000] present=0 absent=314 swap=686
2026-08-10 20:01:56,014 INFO Dataset 样本统计 [total=1000] present=0 absent=364 swap=636
2026-08-10 20:01:56,251 INFO step=2000/20000 total=4.4410 si_sdr=-1.22 si_sdri=21.57 lr=2.93e-04 |g|=31.577 mem=2.18GB 55ms/step data=0%
2026-08-10 20:01:56,322 INFO 存 checkpoint: checkpoint_step2000.pt
2026-08-10 20:01:59,972 INFO Dataset 样本统计 [total=10000] present=0 absent=3333 swap=6667
2026-08-10 20:02:01,807 INFO [ACT LEN FIX] 累计 7000 次 (最近 ratio=160.000)
2026-08-10 20:02:03,607 INFO Dataset 样本统计 [total=11000] present=0 absent=3666 swap=7334
2026-08-10 20:02:07,493 INFO [ACT LEN FIX] 累计 8000 次 (最近 ratio=160.000)
2026-08-10 20:02:07,494 INFO Dataset 样本统计 [total=12000] present=0 absent=4000 swap=8000
2026-08-10 20:02:07,532 INFO   dev_loss=5.7339 dev_sisdr=-1.88 dB
2026-08-10 20:02:08,945 INFO step=2025/20000 total=6.7327 si_sdr=-2.40 si_sdri=20.39 lr=2.93e-04 |g|=27.426 mem=2.18GB 49ms/step data=1%
2026-08-10 20:02:10,219 INFO step=2050/20000 total=2.1585 si_sdr=-0.05 si_sdri=22.74 lr=2.93e-04 |g|=34.941 mem=2.18GB 52ms/step data=0%
2026-08-10 20:02:10,699 INFO [ACT LEN FIX] 累计 1000 次 (最近 ratio=160.000)
2026-08-10 20:02:10,734 INFO [ACT LEN FIX] 累计 1000 次 (最近 ratio=160.000)
2026-08-10 20:02:11,546 INFO step=2075/20000 total=7.0401 si_sdr=-2.49 si_sdri=20.30 lr=2.93e-04 |g|=21.967 mem=2.18GB 49ms/step data=1%
2026-08-10 20:02:12,809 INFO step=2100/20000 total=5.4820 si_sdr=-1.77 si_sdri=21.02 lr=2.93e-04 |g|=13.475 mem=2.18GB 52ms/step data=0%
2026-08-10 20:02:13,768 INFO Dataset 样本统计 [total=2000] present=0 absent=658 swap=1342
2026-08-10 20:02:13,818 INFO Dataset 样本统计 [total=2000] present=0 absent=721 swap=1279
2026-08-10 20:02:14,087 INFO step=2125/20000 total=6.3245 si_sdr=-2.17 si_sdri=20.62 lr=2.92e-04 |g|=46.520 mem=2.18GB 50ms/step data=0%
2026-08-10 20:02:15,372 INFO step=2150/20000 total=7.1264 si_sdr=-2.54 si_sdri=20.24 lr=2.92e-04 |g|=27.742 mem=2.18GB 54ms/step data=1%
2026-08-10 20:02:16,652 INFO step=2175/20000 total=1.8922 si_sdr=0.04 si_sdri=22.83 lr=2.92e-04 |g|=19.948 mem=2.18GB 58ms/step data=0%
2026-08-10 20:02:18,112 INFO step=2200/20000 total=4.6466 si_sdr=-1.20 si_sdri=21.58 lr=2.92e-04 |g|=12.897 mem=2.18GB 49ms/step data=0%
2026-08-10 20:02:19,395 INFO step=2225/20000 total=7.0762 si_sdr=-2.40 si_sdri=20.38 lr=2.92e-04 |g|=34.378 mem=2.18GB 50ms/step data=0%
2026-08-10 20:02:20,307 INFO [ACT LEN FIX] 累计 2000 次 (最近 ratio=160.000)
2026-08-10 20:02:20,388 INFO Dataset 样本统计 [total=3000] present=0 absent=982 swap=2018
2026-08-10 20:02:20,442 INFO Dataset 样本统计 [total=3000] present=0 absent=1041 swap=1959
2026-08-10 20:02:20,444 INFO [ACT LEN FIX] 累计 2000 次 (最近 ratio=160.000)
2026-08-10 20:02:20,684 INFO step=2250/20000 total=4.3445 si_sdr=-1.13 si_sdri=21.66 lr=2.91e-04 |g|=39.425 mem=2.18GB 50ms/step data=0%
2026-08-10 20:02:22,000 INFO step=2275/20000 total=7.7696 si_sdr=-2.80 si_sdri=19.98 lr=2.91e-04 |g|=40.301 mem=2.18GB 64ms/step data=1%
2026-08-10 20:02:23,472 INFO step=2300/20000 total=5.1147 si_sdr=-1.60 si_sdri=21.18 lr=2.91e-04 |g|=22.003 mem=2.18GB 50ms/step data=0%
2026-08-10 20:02:24,744 INFO step=2325/20000 total=6.3903 si_sdr=-2.19 si_sdri=20.60 lr=2.91e-04 |g|=20.057 mem=2.18GB 49ms/step data=0%
2026-08-10 20:02:26,036 INFO step=2350/20000 total=2.7278 si_sdr=-0.23 si_sdri=22.55 lr=2.91e-04 |g|=22.584 mem=2.18GB 50ms/step data=1%
2026-08-10 20:02:26,995 INFO Dataset 样本统计 [total=4000] present=0 absent=1311 swap=2689
2026-08-10 20:02:27,046 INFO Dataset 样本统计 [total=4000] present=0 absent=1360 swap=2640
2026-08-10 20:02:27,346 INFO step=2375/20000 total=5.3908 si_sdr=-1.74 si_sdri=21.05 lr=2.90e-04 |g|=18.456 mem=2.18GB 51ms/step data=0%
2026-08-10 20:02:28,731 INFO step=2400/20000 total=8.0584 si_sdr=-3.16 si_sdri=19.63 lr=2.90e-04 |g|=20.247 mem=2.18GB 50ms/step data=0%
2026-08-10 20:02:30,030 INFO step=2425/20000 total=4.5500 si_sdr=-1.17 si_sdri=21.62 lr=2.90e-04 |g|=25.738 mem=2.18GB 53ms/step data=1%
2026-08-10 20:02:30,308 INFO [ACT LEN FIX] 累计 3000 次 (最近 ratio=204.982)
2026-08-10 20:02:30,691 INFO [ACT LEN FIX] 累计 3000 次 (最近 ratio=160.000)
2026-08-10 20:02:31,459 INFO step=2450/20000 total=8.2192 si_sdr=-3.27 si_sdri=19.51 lr=2.90e-04 |g|=18.342 mem=2.18GB 49ms/step data=1%
2026-08-10 20:02:32,768 INFO step=2475/20000 total=5.4424 si_sdr=-1.71 si_sdri=21.08 lr=2.90e-04 |g|=40.569 mem=2.18GB 51ms/step data=1%
2026-08-10 20:02:33,804 INFO Dataset 样本统计 [total=5000] present=0 absent=1642 swap=3358
2026-08-10 20:02:33,856 INFO Dataset 样本统计 [total=5000] present=0 absent=1676 swap=3324
2026-08-10 20:02:34,095 INFO step=2500/20000 total=1.8866 si_sdr=0.12 si_sdri=22.91 lr=2.89e-04 |g|=21.858 mem=2.18GB 50ms/step data=0%
2026-08-10 20:02:34,161 INFO 存 checkpoint: checkpoint_step2500.pt
2026-08-10 20:02:37,733 INFO Dataset 样本统计 [total=13000] present=0 absent=4333 swap=8667
2026-08-10 20:02:39,525 INFO [ACT LEN FIX] 累计 9000 次 (最近 ratio=160.000)
2026-08-10 20:02:41,273 INFO Dataset 样本统计 [total=14000] present=0 absent=4666 swap=9334
2026-08-10 20:02:45,209 INFO [ACT LEN FIX] 累计 10000 次 (最近 ratio=160.000)
2026-08-10 20:02:45,209 INFO Dataset 样本统计 [total=15000] present=0 absent=5000 swap=10000
2026-08-10 20:02:45,236 INFO   dev_loss=5.6699 dev_sisdr=-1.85 dB
2026-08-10 20:02:46,548 INFO step=2525/20000 total=4.0027 si_sdr=-1.13 si_sdri=21.66 lr=2.89e-04 |g|=23.120 mem=2.18GB 53ms/step data=0%
2026-08-10 20:02:47,941 INFO step=2550/20000 total=6.1369 si_sdr=-2.10 si_sdri=20.69 lr=2.89e-04 |g|=35.606 mem=2.18GB 67ms/step data=0%
2026-08-10 20:02:49,387 INFO step=2575/20000 total=0.2004 si_sdr=0.84 si_sdri=23.62 lr=2.89e-04 |g|=20.488 mem=2.18GB 58ms/step data=0%
2026-08-10 20:02:50,709 INFO step=2600/20000 total=4.3396 si_sdr=-1.19 si_sdri=21.60 lr=2.88e-04 |g|=20.116 mem=2.18GB 52ms/step data=0%
2026-08-10 20:02:51,243 INFO [ACT LEN FIX] 累计 4000 次 (最近 ratio=168.915)
2026-08-10 20:02:51,678 INFO Dataset 样本统计 [total=6000] present=0 absent=1972 swap=4028
2026-08-10 20:02:51,730 INFO Dataset 样本统计 [total=6000] present=0 absent=2026 swap=3974
2026-08-10 20:02:52,002 INFO step=2625/20000 total=2.2506 si_sdr=-0.15 si_sdri=22.64 lr=2.88e-04 |g|=22.193 mem=2.18GB 50ms/step data=1%
2026-08-10 20:02:52,210 INFO [ACT LEN FIX] 累计 4000 次 (最近 ratio=160.000)
2026-08-10 20:02:53,375 INFO step=2650/20000 total=9.0994 si_sdr=-3.67 si_sdri=19.12 lr=2.88e-04 |g|=21.519 mem=2.18GB 52ms/step data=1%
2026-08-10 20:02:54,657 INFO step=2675/20000 total=3.9587 si_sdr=-1.02 si_sdri=21.77 lr=2.88e-04 |g|=20.646 mem=2.18GB 52ms/step data=0%
2026-08-10 20:02:55,931 INFO step=2700/20000 total=6.9232 si_sdr=-2.46 si_sdri=20.32 lr=2.88e-04 |g|=33.924 mem=2.18GB 52ms/step data=0%
2026-08-10 20:02:57,245 INFO step=2725/20000 total=1.5772 si_sdr=0.26 si_sdri=23.05 lr=2.87e-04 |g|=22.748 mem=2.18GB 60ms/step data=0%
2026-08-10 20:02:58,249 INFO Dataset 样本统计 [total=7000] present=0 absent=2307 swap=4693
2026-08-10 20:02:58,304 INFO Dataset 样本统计 [total=7000] present=0 absent=2358 swap=4642
2026-08-10 20:02:58,534 INFO step=2750/20000 total=7.2376 si_sdr=-2.55 si_sdri=20.23 lr=2.87e-04 |g|=46.173 mem=2.18GB 50ms/step data=1%
2026-08-10 20:02:59,814 INFO step=2775/20000 total=5.5357 si_sdr=-1.84 si_sdri=20.95 lr=2.87e-04 |g|=17.379 mem=2.18GB 49ms/step data=0%
2026-08-10 20:03:01,049 INFO [ACT LEN FIX] 累计 5000 次 (最近 ratio=204.982)
2026-08-10 20:03:01,128 INFO step=2800/20000 total=3.9610 si_sdr=-1.16 si_sdri=21.63 lr=2.87e-04 |g|=20.854 mem=2.18GB 51ms/step data=1%
2026-08-10 20:03:02,018 INFO [ACT LEN FIX] 累计 5000 次 (最近 ratio=160.000)
2026-08-10 20:03:02,432 INFO step=2825/20000 total=7.3684 si_sdr=-2.64 si_sdri=20.14 lr=2.86e-04 |g|=18.796 mem=2.18GB 52ms/step data=1%
2026-08-10 20:03:03,737 INFO step=2850/20000 total=2.5817 si_sdr=-0.35 si_sdri=22.44 lr=2.86e-04 |g|=18.534 mem=2.18GB 60ms/step data=0%
2026-08-10 20:03:04,702 INFO Dataset 样本统计 [total=8000] present=0 absent=2632 swap=5368
2026-08-10 20:03:04,752 INFO Dataset 样本统计 [total=8000] present=0 absent=2691 swap=5309
2026-08-10 20:03:05,029 INFO step=2875/20000 total=3.9346 si_sdr=-1.02 si_sdri=21.77 lr=2.86e-04 |g|=14.993 mem=2.18GB 51ms/step data=0%
2026-08-10 20:03:06,314 INFO step=2900/20000 total=6.4367 si_sdr=-2.27 si_sdri=20.52 lr=2.86e-04 |g|=24.397 mem=2.18GB 51ms/step data=0%
2026-08-10 20:03:07,575 INFO step=2925/20000 total=1.2537 si_sdr=0.54 si_sdri=23.33 lr=2.85e-04 |g|=17.269 mem=2.18GB 50ms/step data=0%
2026-08-10 20:03:08,850 INFO step=2950/20000 total=2.4016 si_sdr=-0.15 si_sdri=22.64 lr=2.85e-04 |g|=21.798 mem=2.18GB 51ms/step data=0%
2026-08-10 20:03:10,109 INFO step=2975/20000 total=2.8171 si_sdr=-0.44 si_sdri=22.34 lr=2.85e-04 |g|=29.359 mem=2.18GB 50ms/step data=0%
2026-08-10 20:03:10,690 INFO [ACT LEN FIX] 累计 6000 次 (最近 ratio=160.000)
2026-08-10 20:03:11,091 INFO Dataset 样本统计 [total=9000] present=0 absent=2985 swap=6015
2026-08-10 20:03:11,141 INFO Dataset 样本统计 [total=9000] present=0 absent=3013 swap=5987
2026-08-10 20:03:11,374 INFO step=3000/20000 total=4.5029 si_sdr=-1.25 si_sdri=21.54 lr=2.85e-04 |g|=28.450 mem=2.18GB 49ms/step data=0%
2026-08-10 20:03:11,436 INFO 存 checkpoint: checkpoint_step3000.pt
2026-08-10 20:03:15,057 INFO Dataset 样本统计 [total=16000] present=0 absent=5333 swap=10667
2026-08-10 20:03:16,864 INFO [ACT LEN FIX] 累计 11000 次 (最近 ratio=160.000)
2026-08-10 20:03:18,880 INFO Dataset 样本统计 [total=17000] present=0 absent=5666 swap=11334
2026-08-10 20:03:22,477 INFO [ACT LEN FIX] 累计 12000 次 (最近 ratio=160.000)
2026-08-10 20:03:22,477 INFO Dataset 样本统计 [total=18000] present=0 absent=6000 swap=12000
2026-08-10 20:03:22,502 INFO   dev_loss=5.6345 dev_sisdr=-1.85 dB
2026-08-10 20:03:22,882 INFO [ACT LEN FIX] 累计 6000 次 (最近 ratio=160.000)
2026-08-10 20:03:23,943 INFO step=3025/20000 total=7.8428 si_sdr=-3.00 si_sdri=19.78 lr=2.84e-04 |g|=14.809 mem=2.18GB 66ms/step data=0%
2026-08-10 20:03:25,338 INFO step=3050/20000 total=4.9928 si_sdr=-1.47 si_sdri=21.32 lr=2.84e-04 |g|=28.931 mem=2.18GB 48ms/step data=0%
2026-08-10 20:03:26,622 INFO step=3075/20000 total=3.5855 si_sdr=-0.91 si_sdri=21.88 lr=2.84e-04 |g|=22.675 mem=2.18GB 50ms/step data=0%
2026-08-10 20:03:27,905 INFO step=3100/20000 total=3.3687 si_sdr=-0.63 si_sdri=22.16 lr=2.83e-04 |g|=26.764 mem=2.18GB 51ms/step data=0%
2026-08-10 20:03:29,085 INFO Dataset 样本统计 [total=10000] present=0 absent=3321 swap=6679
2026-08-10 20:03:29,177 INFO Dataset 样本统计 [total=10000] present=0 absent=3336 swap=6664
2026-08-10 20:03:29,555 INFO step=3125/20000 total=6.4040 si_sdr=-2.25 si_sdri=20.53 lr=2.83e-04 |g|=14.440 mem=2.18GB 62ms/step data=0%
2026-08-10 20:03:30,849 INFO step=3150/20000 total=6.4246 si_sdr=-2.18 si_sdri=20.61 lr=2.83e-04 |g|=37.803 mem=2.18GB 51ms/step data=0%
2026-08-10 20:03:31,910 INFO [ACT LEN FIX] 累计 7000 次 (最近 ratio=160.000)
2026-08-10 20:03:32,154 INFO step=3175/20000 total=8.9344 si_sdr=-3.41 si_sdri=19.38 lr=2.83e-04 |g|=20.047 mem=2.18GB 54ms/step data=0%
2026-08-10 20:03:33,392 INFO [ACT LEN FIX] 累计 7000 次 (最近 ratio=160.000)
2026-08-10 20:03:33,438 INFO step=3200/20000 total=5.7513 si_sdr=-1.95 si_sdri=20.84 lr=2.82e-04 |g|=23.518 mem=2.18GB 52ms/step data=0%
2026-08-10 20:03:34,915 INFO step=3225/20000 total=4.2657 si_sdr=-1.16 si_sdri=21.62 lr=2.82e-04 |g|=18.110 mem=2.18GB 51ms/step data=1%
2026-08-10 20:03:35,913 INFO Dataset 样本统计 [total=11000] present=0 absent=3647 swap=7353
2026-08-10 20:03:35,963 INFO Dataset 样本统计 [total=11000] present=0 absent=3663 swap=7337
2026-08-10 20:03:36,211 INFO step=3250/20000 total=4.5182 si_sdr=-1.31 si_sdri=21.47 lr=2.82e-04 |g|=20.672 mem=2.18GB 52ms/step data=0%
2026-08-10 20:03:37,501 INFO step=3275/20000 total=3.1554 si_sdr=-0.57 si_sdri=22.22 lr=2.82e-04 |g|=23.630 mem=2.18GB 49ms/step data=1%
2026-08-10 20:03:38,868 INFO step=3300/20000 total=3.6746 si_sdr=-0.87 si_sdri=21.92 lr=2.81e-04 |g|=20.830 mem=2.18GB 70ms/step data=0%
2026-08-10 20:03:40,375 INFO step=3325/20000 total=8.3796 si_sdr=-2.99 si_sdri=19.80 lr=2.81e-04 |g|=48.250 mem=2.18GB 50ms/step data=0%
2026-08-10 20:03:41,667 INFO step=3350/20000 total=5.9880 si_sdr=-2.16 si_sdri=20.63 lr=2.81e-04 |g|=19.841 mem=2.18GB 51ms/step data=0%
2026-08-10 20:03:42,298 INFO [ACT LEN FIX] 累计 8000 次 (最近 ratio=172.455)
2026-08-10 20:03:42,626 INFO Dataset 样本统计 [total=12000] present=0 absent=3999 swap=8001
2026-08-10 20:03:42,677 INFO Dataset 样本统计 [total=12000] present=0 absent=3978 swap=8022
2026-08-10 20:03:42,956 INFO step=3375/20000 total=6.5414 si_sdr=-2.27 si_sdri=20.52 lr=2.80e-04 |g|=25.705 mem=2.18GB 51ms/step data=0%
2026-08-10 20:03:43,502 INFO [ACT LEN FIX] 累计 8000 次 (最近 ratio=160.000)
2026-08-10 20:03:44,314 INFO step=3400/20000 total=5.3347 si_sdr=-1.72 si_sdri=21.07 lr=2.80e-04 |g|=17.114 mem=2.18GB 59ms/step data=0%
2026-08-10 20:03:45,619 INFO step=3425/20000 total=7.7250 si_sdr=-2.98 si_sdri=19.81 lr=2.80e-04 |g|=21.318 mem=2.18GB 49ms/step data=0%
2026-08-10 20:03:46,905 INFO step=3450/20000 total=3.4905 si_sdr=-0.61 si_sdri=22.18 lr=2.80e-04 |g|=22.707 mem=2.18GB 54ms/step data=0%
2026-08-10 20:03:48,183 INFO step=3475/20000 total=4.2743 si_sdr=-1.04 si_sdri=21.75 lr=2.79e-04 |g|=15.049 mem=2.18GB 49ms/step data=0%
2026-08-10 20:03:49,177 INFO Dataset 样本统计 [total=13000] present=0 absent=4325 swap=8675
2026-08-10 20:03:49,228 INFO Dataset 样本统计 [total=13000] present=0 absent=4312 swap=8688
2026-08-10 20:03:49,480 INFO step=3500/20000 total=3.5616 si_sdr=-0.98 si_sdri=21.81 lr=2.79e-04 |g|=17.137 mem=2.18GB 57ms/step data=0%
2026-08-10 20:03:49,546 INFO 存 checkpoint: checkpoint_step3500.pt
2026-08-10 20:03:53,376 INFO Dataset 样本统计 [total=19000] present=0 absent=6333 swap=12667
2026-08-10 20:03:55,305 INFO [ACT LEN FIX] 累计 13000 次 (最近 ratio=160.000)
2026-08-10 20:03:56,997 INFO Dataset 样本统计 [total=20000] present=0 absent=6666 swap=13334
2026-08-10 20:04:00,404 INFO [ACT LEN FIX] 累计 14000 次 (最近 ratio=160.000)
2026-08-10 20:04:00,405 INFO Dataset 样本统计 [total=21000] present=0 absent=7000 swap=14000
2026-08-10 20:04:00,429 INFO   dev_loss=5.0550 dev_sisdr=-1.57 dB
2026-08-10 20:04:01,819 INFO step=3525/20000 total=6.1132 si_sdr=-2.23 si_sdri=20.56 lr=2.79e-04 |g|=15.622 mem=2.18GB 50ms/step data=0%
2026-08-10 20:04:02,977 INFO [ACT LEN FIX] 累计 9000 次 (最近 ratio=160.000)
2026-08-10 20:04:03,159 INFO step=3550/20000 total=5.8529 si_sdr=-1.88 si_sdri=20.91 lr=2.78e-04 |g|=34.823 mem=2.18GB 50ms/step data=0%
2026-08-10 20:04:04,275 INFO [ACT LEN FIX] 累计 9000 次 (最近 ratio=160.000)
2026-08-10 20:04:04,451 INFO step=3575/20000 total=7.6071 si_sdr=-2.89 si_sdri=19.90 lr=2.78e-04 |g|=15.086 mem=2.18GB 49ms/step data=0%
2026-08-10 20:04:05,803 INFO step=3600/20000 total=3.3430 si_sdr=-0.70 si_sdri=22.09 lr=2.78e-04 |g|=14.590 mem=2.18GB 50ms/step data=0%
2026-08-10 20:04:06,767 INFO Dataset 样本统计 [total=14000] present=0 absent=4684 swap=9316
2026-08-10 20:04:06,819 INFO Dataset 样本统计 [total=14000] present=0 absent=4631 swap=9369
2026-08-10 20:04:07,091 INFO step=3625/20000 total=6.3397 si_sdr=-2.13 si_sdri=20.65 lr=2.77e-04 |g|=22.269 mem=2.18GB 49ms/step data=0%
2026-08-10 20:04:08,372 INFO step=3650/20000 total=1.3428 si_sdr=0.34 si_sdri=23.13 lr=2.77e-04 |g|=20.039 mem=2.18GB 52ms/step data=0%
2026-08-10 20:04:09,713 INFO step=3675/20000 total=4.7527 si_sdr=-1.53 si_sdri=21.26 lr=2.77e-04 |g|=20.084 mem=2.18GB 50ms/step data=1%
2026-08-10 20:04:11,065 INFO step=3700/20000 total=2.3041 si_sdr=-0.07 si_sdri=22.71 lr=2.76e-04 |g|=22.435 mem=2.18GB 51ms/step data=0%
2026-08-10 20:04:12,383 INFO step=3725/20000 total=4.0872 si_sdr=-1.07 si_sdri=21.72 lr=2.76e-04 |g|=17.310 mem=2.18GB 51ms/step data=0%
2026-08-10 20:04:12,546 INFO [ACT LEN FIX] 累计 10000 次 (最近 ratio=160.000)
2026-08-10 20:04:13,398 INFO Dataset 样本统计 [total=15000] present=0 absent=5040 swap=9960
2026-08-10 20:04:13,836 INFO [ACT LEN FIX] sample-level activity 360 → 57600 (len(mix)), ratio=160.000  [后续将每 1000 次汇总 1 条]
2026-08-10 20:04:13,837 INFO [ACT LEN FIX] sample-level activity 360 → 57600 (len(mix)), ratio=160.000  [后续将每 1000 次汇总 1 条]
2026-08-10 20:04:14,108 INFO step=3750/20000 total=6.1933 si_sdr=-2.07 si_sdri=20.71 lr=2.76e-04 |g|=27.137 mem=2.18GB 453ms/step data=80%
2026-08-10 20:04:15,524 INFO step=3775/20000 total=7.9580 si_sdr=-2.15 si_sdri=20.64 lr=2.75e-04 |g|=59.834 mem=2.18GB 56ms/step data=0%
2026-08-10 20:04:16,861 INFO step=3800/20000 total=1.2146 si_sdr=0.41 si_sdri=23.20 lr=2.75e-04 |g|=36.043 mem=2.18GB 56ms/step data=0%
2026-08-10 20:04:18,224 INFO step=3825/20000 total=8.0612 si_sdr=-3.21 si_sdri=19.58 lr=2.75e-04 |g|=14.925 mem=2.18GB 53ms/step data=0%
2026-08-10 20:04:19,619 INFO step=3850/20000 total=3.5088 si_sdr=-0.77 si_sdri=22.02 lr=2.74e-04 |g|=24.193 mem=2.18GB 52ms/step data=1%
2026-08-10 20:04:20,639 INFO Dataset 样本统计 [total=1000] present=0 absent=311 swap=689
2026-08-10 20:04:20,691 INFO Dataset 样本统计 [total=1000] present=0 absent=334 swap=666
2026-08-10 20:04:20,973 INFO step=3875/20000 total=3.6841 si_sdr=-0.91 si_sdri=21.88 lr=2.74e-04 |g|=39.045 mem=2.18GB 59ms/step data=0%
2026-08-10 20:04:22,449 INFO step=3900/20000 total=2.4948 si_sdr=-0.38 si_sdri=22.41 lr=2.74e-04 |g|=24.313 mem=2.18GB 51ms/step data=0%
2026-08-10 20:04:23,789 INFO step=3925/20000 total=3.5083 si_sdr=-0.87 si_sdri=21.92 lr=2.73e-04 |g|=20.855 mem=2.18GB 51ms/step data=0%
2026-08-10 20:04:23,928 INFO [ACT LEN FIX] 累计 1000 次 (最近 ratio=160.000)
2026-08-10 20:04:24,189 INFO [ACT LEN FIX] 累计 1000 次 (最近 ratio=160.000)
2026-08-10 20:04:25,125 INFO step=3950/20000 total=6.4999 si_sdr=-2.36 si_sdri=20.43 lr=2.73e-04 |g|=11.168 mem=2.18GB 58ms/step data=0%
2026-08-10 20:04:26,490 INFO step=3975/20000 total=2.3432 si_sdr=-0.20 si_sdri=22.58 lr=2.73e-04 |g|=22.352 mem=2.18GB 51ms/step data=0%
2026-08-10 20:04:27,469 INFO Dataset 样本统计 [total=2000] present=0 absent=639 swap=1361
2026-08-10 20:04:27,521 INFO Dataset 样本统计 [total=2000] present=0 absent=671 swap=1329
2026-08-10 20:04:27,801 INFO step=4000/20000 total=3.3706 si_sdr=-0.73 si_sdri=22.06 lr=2.72e-04 |g|=21.496 mem=2.18GB 52ms/step data=1%
2026-08-10 20:04:27,872 INFO 存 checkpoint: checkpoint_step4000.pt
2026-08-10 20:04:31,746 INFO Dataset 样本统计 [total=22000] present=0 absent=7333 swap=14667
2026-08-10 20:04:33,653 INFO [ACT LEN FIX] 累计 15000 次 (最近 ratio=160.000)
2026-08-10 20:04:35,501 INFO Dataset 样本统计 [total=23000] present=0 absent=7666 swap=15334
2026-08-10 20:04:39,401 INFO [ACT LEN FIX] 累计 16000 次 (最近 ratio=160.000)
2026-08-10 20:04:39,402 INFO Dataset 样本统计 [total=24000] present=0 absent=8000 swap=16000
2026-08-10 20:04:39,427 INFO   dev_loss=5.0469 dev_sisdr=-1.57 dB
2026-08-10 20:04:40,740 INFO step=4025/20000 total=2.1130 si_sdr=-0.08 si_sdri=22.71 lr=2.72e-04 |g|=19.171 mem=2.18GB 50ms/step data=0%
2026-08-10 20:04:42,063 INFO step=4050/20000 total=3.7429 si_sdr=-0.80 si_sdri=21.99 lr=2.72e-04 |g|=22.841 mem=2.18GB 50ms/step data=1%
2026-08-10 20:04:43,385 INFO step=4075/20000 total=1.3438 si_sdr=0.41 si_sdri=23.20 lr=2.71e-04 |g|=23.469 mem=2.18GB 51ms/step data=0%
2026-08-10 20:04:44,736 INFO step=4100/20000 total=1.9875 si_sdr=-0.01 si_sdri=22.78 lr=2.71e-04 |g|=20.376 mem=2.18GB 50ms/step data=1%
2026-08-10 20:04:45,631 INFO [ACT LEN FIX] 累计 2000 次 (最近 ratio=160.000)
2026-08-10 20:04:45,789 INFO [ACT LEN FIX] 累计 2000 次 (最近 ratio=203.534)
2026-08-10 20:04:45,789 INFO Dataset 样本统计 [total=3000] present=0 absent=966 swap=2034
2026-08-10 20:04:45,843 INFO Dataset 样本统计 [total=3000] present=0 absent=993 swap=2007
2026-08-10 20:04:46,107 INFO step=4125/20000 total=2.7672 si_sdr=-0.31 si_sdri=22.48 lr=2.71e-04 |g|=18.973 mem=2.18GB 53ms/step data=1%
2026-08-10 20:04:47,471 INFO step=4150/20000 total=6.1585 si_sdr=-2.10 si_sdri=20.68 lr=2.70e-04 |g|=22.763 mem=2.18GB 58ms/step data=1%
2026-08-10 20:04:48,873 INFO step=4175/20000 total=2.4104 si_sdr=-0.29 si_sdri=22.50 lr=2.70e-04 |g|=36.201 mem=2.18GB 49ms/step data=1%
2026-08-10 20:04:50,139 INFO step=4200/20000 total=6.8784 si_sdr=-2.50 si_sdri=20.29 lr=2.70e-04 |g|=22.630 mem=2.18GB 49ms/step data=0%
2026-08-10 20:04:51,421 INFO step=4225/20000 total=3.7826 si_sdr=-0.91 si_sdri=21.88 lr=2.69e-04 |g|=22.783 mem=2.18GB 50ms/step data=0%
2026-08-10 20:04:52,381 INFO Dataset 样本统计 [total=4000] present=0 absent=1282 swap=2718
2026-08-10 20:04:52,430 INFO Dataset 样本统计 [total=4000] present=0 absent=1307 swap=2693
2026-08-10 20:04:52,706 INFO step=4250/20000 total=7.3762 si_sdr=-2.81 si_sdri=19.97 lr=2.69e-04 |g|=63.161 mem=2.18GB 50ms/step data=1%
2026-08-10 20:04:54,176 INFO step=4275/20000 total=7.8248 si_sdr=-3.16 si_sdri=19.62 lr=2.69e-04 |g|=47.741 mem=2.18GB 50ms/step data=0%
2026-08-10 20:04:55,451 INFO step=4300/20000 total=1.3626 si_sdr=0.33 si_sdri=23.12 lr=2.68e-04 |g|=35.717 mem=2.18GB 50ms/step data=0%
2026-08-10 20:04:56,008 INFO [ACT LEN FIX] 累计 3000 次 (最近 ratio=160.000)
2026-08-10 20:04:56,054 INFO [ACT LEN FIX] 累计 3000 次 (最近 ratio=160.000)
2026-08-10 20:04:56,744 INFO step=4325/20000 total=5.0005 si_sdr=-1.51 si_sdri=21.28 lr=2.68e-04 |g|=21.069 mem=2.18GB 51ms/step data=0%
2026-08-10 20:04:58,024 INFO step=4350/20000 total=4.1981 si_sdr=-1.27 si_sdri=21.52 lr=2.67e-04 |g|=16.332 mem=2.18GB 50ms/step data=0%
2026-08-10 20:04:59,203 INFO Dataset 样本统计 [total=5000] present=0 absent=1610 swap=3390
2026-08-10 20:04:59,270 INFO Dataset 样本统计 [total=5000] present=0 absent=1648 swap=3352
2026-08-10 20:04:59,553 INFO step=4375/20000 total=2.4819 si_sdr=-0.39 si_sdri=22.40 lr=2.67e-04 |g|=26.518 mem=2.18GB 51ms/step data=0%
2026-08-10 20:05:00,863 INFO step=4400/20000 total=2.1321 si_sdr=-0.11 si_sdri=22.67 lr=2.67e-04 |g|=19.415 mem=2.18GB 51ms/step data=1%
2026-08-10 20:05:02,177 INFO step=4425/20000 total=4.1756 si_sdr=-1.13 si_sdri=21.66 lr=2.66e-04 |g|=23.324 mem=2.18GB 51ms/step data=0%
2026-08-10 20:05:03,459 INFO step=4450/20000 total=5.1351 si_sdr=-1.70 si_sdri=21.09 lr=2.66e-04 |g|=18.984 mem=2.18GB 49ms/step data=1%
2026-08-10 20:05:04,945 INFO step=4475/20000 total=7.8980 si_sdr=-2.97 si_sdri=19.81 lr=2.66e-04 |g|=43.161 mem=2.18GB 52ms/step data=0%
2026-08-10 20:05:05,582 INFO [ACT LEN FIX] 累计 4000 次 (最近 ratio=160.000)
2026-08-10 20:05:05,849 INFO [ACT LEN FIX] 累计 4000 次 (最近 ratio=160.000)
2026-08-10 20:05:05,905 INFO Dataset 样本统计 [total=6000] present=0 absent=1960 swap=4040
2026-08-10 20:05:05,955 INFO Dataset 样本统计 [total=6000] present=0 absent=2000 swap=4000
2026-08-10 20:05:06,235 INFO step=4500/20000 total=4.4417 si_sdr=-1.37 si_sdri=21.42 lr=2.65e-04 |g|=22.718 mem=2.18GB 52ms/step data=0%
2026-08-10 20:05:06,299 INFO 存 checkpoint: checkpoint_step4500.pt
2026-08-10 20:05:09,989 INFO Dataset 样本统计 [total=25000] present=0 absent=8333 swap=16667
2026-08-10 20:05:11,742 INFO [ACT LEN FIX] 累计 17000 次 (最近 ratio=160.000)
2026-08-10 20:05:13,496 INFO Dataset 样本统计 [total=26000] present=0 absent=8666 swap=17334
2026-08-10 20:05:17,351 INFO [ACT LEN FIX] 累计 18000 次 (最近 ratio=160.000)
2026-08-10 20:05:17,351 INFO Dataset 样本统计 [total=27000] present=0 absent=9000 swap=18000
2026-08-10 20:05:17,378 INFO   dev_loss=4.8151 dev_sisdr=-1.47 dB
2026-08-10 20:05:18,658 INFO step=4525/20000 total=5.4874 si_sdr=-1.91 si_sdri=20.88 lr=2.65e-04 |g|=39.383 mem=2.18GB 49ms/step data=0%
2026-08-10 20:05:20,171 INFO step=4550/20000 total=5.0456 si_sdr=-1.50 si_sdri=21.29 lr=2.64e-04 |g|=29.316 mem=2.18GB 83ms/step data=0%
2026-08-10 20:05:21,724 INFO step=4575/20000 total=3.3290 si_sdr=-0.66 si_sdri=22.13 lr=2.64e-04 |g|=20.916 mem=2.18GB 51ms/step data=0%
2026-08-10 20:05:23,041 INFO step=4600/20000 total=3.3328 si_sdr=-0.76 si_sdri=22.03 lr=2.64e-04 |g|=14.910 mem=2.18GB 52ms/step data=0%
2026-08-10 20:05:24,034 INFO Dataset 样本统计 [total=7000] present=0 absent=2290 swap=4710
2026-08-10 20:05:24,085 INFO Dataset 样本统计 [total=7000] present=0 absent=2342 swap=4658
2026-08-10 20:05:24,325 INFO step=4625/20000 total=5.1487 si_sdr=-1.60 si_sdri=21.18 lr=2.63e-04 |g|=50.318 mem=2.18GB 51ms/step data=0%
2026-08-10 20:05:25,700 INFO step=4650/20000 total=0.9485 si_sdr=0.56 si_sdri=23.34 lr=2.63e-04 |g|=37.062 mem=2.18GB 64ms/step data=1%
2026-08-10 20:05:27,129 INFO step=4675/20000 total=5.7856 si_sdr=-1.98 si_sdri=20.81 lr=2.63e-04 |g|=17.131 mem=2.18GB 50ms/step data=0%
2026-08-10 20:05:27,154 INFO [ACT LEN FIX] 累计 5000 次 (最近 ratio=160.000)
2026-08-10 20:05:27,497 INFO [ACT LEN FIX] 累计 5000 次 (最近 ratio=160.000)
2026-08-10 20:05:28,427 INFO step=4700/20000 total=10.1689 si_sdr=-4.18 si_sdri=18.61 lr=2.62e-04 |g|=33.216 mem=2.18GB 52ms/step data=1%
2026-08-10 20:05:29,719 INFO step=4725/20000 total=9.5414 si_sdr=-3.92 si_sdri=18.86 lr=2.62e-04 |g|=36.800 mem=2.18GB 52ms/step data=0%
2026-08-10 20:05:30,727 INFO Dataset 样本统计 [total=8000] present=0 absent=2617 swap=5383
2026-08-10 20:05:30,785 INFO Dataset 样本统计 [total=8000] present=0 absent=2671 swap=5329
2026-08-10 20:05:31,102 INFO step=4750/20000 total=3.0193 si_sdr=-0.55 si_sdri=22.23 lr=2.61e-04 |g|=25.761 mem=2.18GB 54ms/step data=1%
2026-08-10 20:05:32,490 INFO step=4775/20000 total=7.5844 si_sdr=-2.85 si_sdri=19.93 lr=2.61e-04 |g|=18.612 mem=2.18GB 57ms/step data=0%
2026-08-10 20:05:33,822 INFO step=4800/20000 total=1.8721 si_sdr=-0.21 si_sdri=22.58 lr=2.61e-04 |g|=28.077 mem=2.18GB 52ms/step data=0%
2026-08-10 20:05:35,128 INFO step=4825/20000 total=4.4626 si_sdr=-1.27 si_sdri=21.52 lr=2.60e-04 |g|=21.902 mem=2.18GB 52ms/step data=0%
2026-08-10 20:05:36,398 INFO step=4850/20000 total=2.7833 si_sdr=-0.38 si_sdri=22.40 lr=2.60e-04 |g|=16.823 mem=2.18GB 50ms/step data=1%
2026-08-10 20:05:37,189 INFO [ACT LEN FIX] 累计 6000 次 (最近 ratio=160.000)
2026-08-10 20:05:37,400 INFO Dataset 样本统计 [total=9000] present=0 absent=2956 swap=6044
2026-08-10 20:05:37,451 INFO Dataset 样本统计 [total=9000] present=0 absent=3012 swap=5988
2026-08-10 20:05:37,467 INFO [ACT LEN FIX] 累计 6000 次 (最近 ratio=160.000)
2026-08-10 20:05:37,688 INFO step=4875/20000 total=6.5364 si_sdr=-2.24 si_sdri=20.55 lr=2.59e-04 |g|=17.700 mem=2.18GB 51ms/step data=0%
2026-08-10 20:05:38,982 INFO step=4900/20000 total=3.7165 si_sdr=-1.06 si_sdri=21.73 lr=2.59e-04 |g|=18.793 mem=2.18GB 51ms/step data=0%
2026-08-10 20:05:40,257 INFO step=4925/20000 total=5.6218 si_sdr=-1.95 si_sdri=20.84 lr=2.59e-04 |g|=13.249 mem=2.18GB 50ms/step data=0%
2026-08-10 20:05:41,534 INFO step=4950/20000 total=5.2259 si_sdr=-1.65 si_sdri=21.14 lr=2.58e-04 |g|=19.818 mem=2.18GB 50ms/step data=0%
2026-08-10 20:05:42,819 INFO step=4975/20000 total=4.8014 si_sdr=-1.63 si_sdri=21.16 lr=2.58e-04 |g|=21.179 mem=2.18GB 49ms/step data=0%
2026-08-10 20:05:43,769 INFO Dataset 样本统计 [total=10000] present=0 absent=3300 swap=6700
2026-08-10 20:05:43,820 INFO Dataset 样本统计 [total=10000] present=0 absent=3338 swap=6662
2026-08-10 20:05:44,087 INFO step=5000/20000 total=6.7226 si_sdr=-2.46 si_sdri=20.33 lr=2.57e-04 |g|=22.299 mem=2.18GB 50ms/step data=0%
2026-08-10 20:05:44,151 INFO 存 checkpoint: checkpoint_step5000.pt
2026-08-10 20:05:47,677 INFO Dataset 样本统计 [total=28000] present=0 absent=9333 swap=18667
2026-08-10 20:05:49,410 INFO [ACT LEN FIX] 累计 19000 次 (最近 ratio=160.000)
2026-08-10 20:05:51,164 INFO Dataset 样本统计 [total=29000] present=0 absent=9666 swap=19334
2026-08-10 20:05:54,708 INFO [ACT LEN FIX] 累计 20000 次 (最近 ratio=160.000)
2026-08-10 20:05:54,709 INFO Dataset 样本统计 [total=30000] present=0 absent=10000 swap=20000
2026-08-10 20:05:54,733 INFO   dev_loss=4.8258 dev_sisdr=-1.47 dB
2026-08-10 20:05:56,019 INFO step=5025/20000 total=1.3442 si_sdr=0.38 si_sdri=23.17 lr=2.57e-04 |g|=41.194 mem=2.18GB 58ms/step data=0%
2026-08-10 20:05:57,366 INFO step=5050/20000 total=4.2054 si_sdr=-1.13 si_sdri=21.66 lr=2.56e-04 |g|=19.943 mem=2.18GB 69ms/step data=0%
2026-08-10 20:05:57,597 INFO [ACT LEN FIX] 累计 7000 次 (最近 ratio=160.000)
2026-08-10 20:05:57,941 INFO [ACT LEN FIX] 累计 7000 次 (最近 ratio=160.000)
2026-08-10 20:05:58,998 INFO step=5075/20000 total=2.8000 si_sdr=-0.49 si_sdri=22.29 lr=2.56e-04 |g|=11.040 mem=2.18GB 51ms/step data=0%
2026-08-10 20:06:00,290 INFO step=5100/20000 total=4.1757 si_sdr=-1.15 si_sdri=21.64 lr=2.56e-04 |g|=25.005 mem=2.18GB 54ms/step data=0%
2026-08-10 20:06:01,278 INFO Dataset 样本统计 [total=11000] present=0 absent=3623 swap=7377
2026-08-10 20:06:01,329 INFO Dataset 样本统计 [total=11000] present=0 absent=3675 swap=7325
2026-08-10 20:06:01,566 INFO step=5125/20000 total=4.2386 si_sdr=-1.32 si_sdri=21.47 lr=2.55e-04 |g|=19.057 mem=2.18GB 51ms/step data=0%
2026-08-10 20:06:02,855 INFO step=5150/20000 total=4.6765 si_sdr=-1.47 si_sdri=21.32 lr=2.55e-04 |g|=26.246 mem=2.18GB 63ms/step data=0%
2026-08-10 20:06:04,202 INFO step=5175/20000 total=5.6408 si_sdr=-1.86 si_sdri=20.93 lr=2.54e-04 |g|=19.104 mem=2.18GB 49ms/step data=0%
2026-08-10 20:06:05,487 INFO step=5200/20000 total=2.5916 si_sdr=-0.37 si_sdri=22.42 lr=2.54e-04 |g|=21.809 mem=2.18GB 49ms/step data=0%
2026-08-10 20:06:06,807 INFO step=5225/20000 total=1.2216 si_sdr=0.28 si_sdri=23.07 lr=2.54e-04 |g|=32.340 mem=2.18GB 52ms/step data=0%
2026-08-10 20:06:07,660 INFO [ACT LEN FIX] 累计 8000 次 (最近 ratio=160.000)
2026-08-10 20:06:07,801 INFO Dataset 样本统计 [total=12000] present=0 absent=3973 swap=8027
2026-08-10 20:06:07,865 INFO Dataset 样本统计 [total=12000] present=0 absent=3990 swap=8010
2026-08-10 20:06:07,964 INFO [ACT LEN FIX] 累计 8000 次 (最近 ratio=160.000)
2026-08-10 20:06:08,161 INFO step=5250/20000 total=2.1838 si_sdr=-0.14 si_sdri=22.65 lr=2.53e-04 |g|=22.033 mem=2.18GB 64ms/step data=0%
2026-08-10 20:06:09,697 INFO step=5275/20000 total=-0.9520 si_sdr=1.43 si_sdri=24.21 lr=2.53e-04 |g|=17.517 mem=2.18GB 50ms/step data=0%
2026-08-10 20:06:10,986 INFO step=5300/20000 total=-1.3600 si_sdr=1.72 si_sdri=24.50 lr=2.52e-04 |g|=19.704 mem=2.18GB 50ms/step data=0%
2026-08-10 20:06:12,289 INFO step=5325/20000 total=3.9578 si_sdr=-0.90 si_sdri=21.88 lr=2.52e-04 |g|=13.392 mem=2.18GB 53ms/step data=0%
2026-08-10 20:06:13,621 INFO step=5350/20000 total=2.6748 si_sdr=-0.36 si_sdri=22.43 lr=2.51e-04 |g|=20.178 mem=2.18GB 68ms/step data=0%
2026-08-10 20:06:14,858 INFO Dataset 样本统计 [total=13000] present=0 absent=4308 swap=8692
2026-08-10 20:06:14,907 INFO Dataset 样本统计 [total=13000] present=0 absent=4311 swap=8689
2026-08-10 20:06:15,144 INFO step=5375/20000 total=3.5832 si_sdr=-1.04 si_sdri=21.75 lr=2.51e-04 |g|=23.276 mem=2.18GB 50ms/step data=1%
2026-08-10 20:06:16,424 INFO step=5400/20000 total=7.5585 si_sdr=-2.87 si_sdri=19.92 lr=2.50e-04 |g|=39.663 mem=2.18GB 54ms/step data=0%
2026-08-10 20:06:17,711 INFO step=5425/20000 total=4.3827 si_sdr=-1.35 si_sdri=21.44 lr=2.50e-04 |g|=14.786 mem=2.18GB 50ms/step data=0%
2026-08-10 20:06:17,826 INFO [ACT LEN FIX] 累计 9000 次 (最近 ratio=160.000)
2026-08-10 20:06:18,598 INFO [ACT LEN FIX] 累计 9000 次 (最近 ratio=160.000)
2026-08-10 20:06:18,990 INFO step=5450/20000 total=3.9165 si_sdr=-1.15 si_sdri=21.63 lr=2.50e-04 |g|=17.456 mem=2.18GB 54ms/step data=0%
2026-08-10 20:06:20,327 INFO step=5475/20000 total=3.0682 si_sdr=-0.58 si_sdri=22.20 lr=2.49e-04 |g|=23.423 mem=2.18GB 50ms/step data=0%
2026-08-10 20:06:21,295 INFO Dataset 样本统计 [total=14000] present=0 absent=4661 swap=9339
2026-08-10 20:06:21,351 INFO Dataset 样本统计 [total=14000] present=0 absent=4642 swap=9358
2026-08-10 20:06:21,620 INFO step=5500/20000 total=3.9677 si_sdr=-0.97 si_sdri=21.82 lr=2.49e-04 |g|=20.545 mem=2.18GB 51ms/step data=0%
2026-08-10 20:06:21,685 INFO 存 checkpoint: checkpoint_step5500.pt
2026-08-10 20:06:25,266 INFO Dataset 样本统计 [total=31000] present=0 absent=10333 swap=20667
2026-08-10 20:06:27,054 INFO [ACT LEN FIX] 累计 21000 次 (最近 ratio=160.000)
2026-08-10 20:06:28,848 INFO Dataset 样本统计 [total=32000] present=0 absent=10666 swap=21334
2026-08-10 20:06:32,488 INFO [ACT LEN FIX] 累计 22000 次 (最近 ratio=160.000)
2026-08-10 20:06:32,488 INFO Dataset 样本统计 [total=33000] present=0 absent=11000 swap=22000
2026-08-10 20:06:32,513 INFO   dev_loss=4.4736 dev_sisdr=-1.32 dB
2026-08-10 20:06:33,859 INFO step=5525/20000 total=2.5355 si_sdr=-0.31 si_sdri=22.48 lr=2.48e-04 |g|=31.068 mem=2.18GB 51ms/step data=0%
2026-08-10 20:06:35,256 INFO step=5550/20000 total=3.2856 si_sdr=-0.55 si_sdri=22.23 lr=2.48e-04 |g|=21.770 mem=2.18GB 56ms/step data=0%
2026-08-10 20:06:36,681 INFO step=5575/20000 total=6.8327 si_sdr=-2.45 si_sdri=20.34 lr=2.47e-04 |g|=35.954 mem=2.18GB 49ms/step data=0%
2026-08-10 20:06:37,955 INFO step=5600/20000 total=-1.8020 si_sdr=1.90 si_sdri=24.69 lr=2.47e-04 |g|=26.274 mem=2.18GB 52ms/step data=0%
2026-08-10 20:06:38,746 INFO [ACT LEN FIX] 累计 10000 次 (最近 ratio=160.000)
2026-08-10 20:06:38,968 INFO Dataset 样本统计 [total=15000] present=0 absent=5004 swap=9996
2026-08-10 20:06:39,392 INFO [ACT LEN FIX] sample-level activity 360 → 57600 (len(mix)), ratio=160.000  [后续将每 1000 次汇总 1 条]
2026-08-10 20:06:39,393 INFO [ACT LEN FIX] sample-level activity 283 → 57600 (len(mix)), ratio=203.534  [后续将每 1000 次汇总 1 条]
2026-08-10 20:06:39,639 INFO step=5625/20000 total=3.1607 si_sdr=-0.73 si_sdri=22.06 lr=2.46e-04 |g|=19.969 mem=2.18GB 429ms/step data=85%
2026-08-10 20:06:41,016 INFO step=5650/20000 total=1.7295 si_sdr=0.10 si_sdri=22.89 lr=2.46e-04 |g|=37.313 mem=2.18GB 76ms/step data=0%
2026-08-10 20:06:42,495 INFO step=5675/20000 total=0.4469 si_sdr=0.75 si_sdri=23.53 lr=2.46e-04 |g|=32.609 mem=2.18GB 52ms/step data=1%
2026-08-10 20:06:43,761 INFO step=5700/20000 total=3.4647 si_sdr=-0.83 si_sdri=21.96 lr=2.45e-04 |g|=18.085 mem=2.18GB 50ms/step data=0%
2026-08-10 20:06:45,046 INFO step=5725/20000 total=4.5500 si_sdr=-1.30 si_sdri=21.48 lr=2.45e-04 |g|=28.027 mem=2.18GB 50ms/step data=0%
2026-08-10 20:06:46,047 INFO Dataset 样本统计 [total=1000] present=0 absent=295 swap=705
2026-08-10 20:06:46,101 INFO Dataset 样本统计 [total=1000] present=0 absent=327 swap=673
2026-08-10 20:06:46,366 INFO step=5750/20000 total=2.5298 si_sdr=-0.36 si_sdri=22.43 lr=2.44e-04 |g|=29.123 mem=2.18GB 65ms/step data=0%
2026-08-10 20:06:47,937 INFO step=5775/20000 total=3.9040 si_sdr=-1.07 si_sdri=21.71 lr=2.44e-04 |g|=32.392 mem=2.18GB 51ms/step data=0%
2026-08-10 20:06:49,234 INFO step=5800/20000 total=5.0646 si_sdr=-1.78 si_sdri=21.01 lr=2.43e-04 |g|=12.454 mem=2.18GB 51ms/step data=0%
2026-08-10 20:06:49,720 INFO [ACT LEN FIX] 累计 1000 次 (最近 ratio=160.000)
2026-08-10 20:06:49,765 INFO [ACT LEN FIX] 累计 1000 次 (最近 ratio=160.000)
2026-08-10 20:06:50,555 INFO step=5825/20000 total=5.7544 si_sdr=-2.06 si_sdri=20.73 lr=2.43e-04 |g|=33.425 mem=2.18GB 53ms/step data=0%
2026-08-10 20:06:51,863 INFO step=5850/20000 total=6.2981 si_sdr=-2.29 si_sdri=20.50 lr=2.42e-04 |g|=23.744 mem=2.18GB 65ms/step data=0%
2026-08-10 20:06:53,084 INFO Dataset 样本统计 [total=2000] present=0 absent=611 swap=1389
2026-08-10 20:06:53,140 INFO Dataset 样本统计 [total=2000] present=0 absent=645 swap=1355
2026-08-10 20:06:53,437 INFO step=5875/20000 total=0.2097 si_sdr=0.87 si_sdri=23.66 lr=2.42e-04 |g|=22.284 mem=2.18GB 56ms/step data=0%
2026-08-10 20:06:54,776 INFO step=5900/20000 total=7.3229 si_sdr=-2.77 si_sdri=20.02 lr=2.41e-04 |g|=24.400 mem=2.18GB 54ms/step data=0%
2026-08-10 20:06:56,103 INFO step=5925/20000 total=2.0357 si_sdr=-0.27 si_sdri=22.52 lr=2.41e-04 |g|=28.019 mem=2.18GB 52ms/step data=0%
2026-08-10 20:06:57,442 INFO step=5950/20000 total=6.5069 si_sdr=-2.27 si_sdri=20.52 lr=2.40e-04 |g|=15.523 mem=2.18GB 52ms/step data=0%
2026-08-10 20:06:58,801 INFO step=5975/20000 total=4.5628 si_sdr=-1.46 si_sdri=21.32 lr=2.40e-04 |g|=14.170 mem=2.18GB 51ms/step data=0%
2026-08-10 20:06:59,804 INFO Dataset 样本统计 [total=3000] present=0 absent=932 swap=2068
2026-08-10 20:06:59,857 INFO Dataset 样本统计 [total=3000] present=0 absent=984 swap=2016
2026-08-10 20:07:00,096 INFO step=6000/20000 total=0.6459 si_sdr=0.56 si_sdri=23.35 lr=2.40e-04 |g|=19.087 mem=2.18GB 50ms/step data=0%
2026-08-10 20:07:00,160 INFO 存 checkpoint: checkpoint_step6000.pt
2026-08-10 20:07:03,762 INFO Dataset 样本统计 [total=34000] present=0 absent=11333 swap=22667
2026-08-10 20:07:05,527 INFO [ACT LEN FIX] 累计 23000 次 (最近 ratio=160.000)
2026-08-10 20:07:07,308 INFO Dataset 样本统计 [total=35000] present=0 absent=11666 swap=23334
2026-08-10 20:07:11,057 INFO [ACT LEN FIX] 累计 24000 次 (最近 ratio=160.000)
2026-08-10 20:07:11,058 INFO Dataset 样本统计 [total=36000] present=0 absent=12000 swap=24000
2026-08-10 20:07:11,087 INFO   dev_loss=4.6405 dev_sisdr=-1.41 dB
2026-08-10 20:07:11,152 INFO [ACT LEN FIX] 累计 2000 次 (最近 ratio=160.000)
2026-08-10 20:07:11,203 INFO [ACT LEN FIX] 累计 2000 次 (最近 ratio=160.000)
2026-08-10 20:07:12,402 INFO step=6025/20000 total=5.0025 si_sdr=-1.60 si_sdri=21.19 lr=2.39e-04 |g|=37.867 mem=2.18GB 54ms/step data=0%
2026-08-10 20:07:13,668 INFO step=6050/20000 total=4.0634 si_sdr=-1.02 si_sdri=21.76 lr=2.39e-04 |g|=23.178 mem=2.18GB 49ms/step data=1%
2026-08-10 20:07:14,964 INFO step=6075/20000 total=2.7937 si_sdr=-0.48 si_sdri=22.30 lr=2.38e-04 |g|=31.560 mem=2.18GB 51ms/step data=0%
2026-08-10 20:07:16,230 INFO step=6100/20000 total=4.6876 si_sdr=-1.58 si_sdri=21.20 lr=2.38e-04 |g|=17.019 mem=2.18GB 49ms/step data=0%
2026-08-10 20:07:17,172 INFO Dataset 样本统计 [total=4000] present=0 absent=1252 swap=2748
2026-08-10 20:07:17,219 INFO Dataset 样本统计 [total=4000] present=0 absent=1326 swap=2674
2026-08-10 20:07:17,489 INFO step=6125/20000 total=8.0650 si_sdr=-3.08 si_sdri=19.71 lr=2.37e-04 |g|=18.574 mem=2.18GB 49ms/step data=0%
2026-08-10 20:07:18,776 INFO step=6150/20000 total=4.2492 si_sdr=-1.12 si_sdri=21.67 lr=2.37e-04 |g|=21.633 mem=2.18GB 50ms/step data=0%
2026-08-10 20:07:20,264 INFO step=6175/20000 total=-0.1269 si_sdr=1.08 si_sdri=23.87 lr=2.36e-04 |g|=29.813 mem=2.18GB 63ms/step data=1%
2026-08-10 20:07:20,718 INFO [ACT LEN FIX] 累计 3000 次 (最近 ratio=160.000)
2026-08-10 20:07:20,772 INFO [ACT LEN FIX] 累计 3000 次 (最近 ratio=160.000)
2026-08-10 20:07:21,565 INFO step=6200/20000 total=3.7010 si_sdr=-0.94 si_sdri=21.85 lr=2.36e-04 |g|=29.915 mem=2.18GB 50ms/step data=0%
2026-08-10 20:07:22,875 INFO step=6225/20000 total=5.9729 si_sdr=-1.92 si_sdri=20.86 lr=2.35e-04 |g|=23.537 mem=2.18GB 49ms/step data=0%
2026-08-10 20:07:23,872 INFO Dataset 样本统计 [total=5000] present=0 absent=1578 swap=3422
2026-08-10 20:07:23,922 INFO Dataset 样本统计 [total=5000] present=0 absent=1682 swap=3318
2026-08-10 20:07:24,161 INFO step=6250/20000 total=5.7553 si_sdr=-1.95 si_sdri=20.83 lr=2.35e-04 |g|=23.637 mem=2.18GB 52ms/step data=0%
2026-08-10 20:07:25,457 INFO step=6275/20000 total=6.4918 si_sdr=-2.49 si_sdri=20.30 lr=2.34e-04 |g|=169.696 mem=2.18GB 50ms/step data=0%
2026-08-10 20:07:26,758 INFO step=6300/20000 total=3.2321 si_sdr=-0.81 si_sdri=21.98 lr=2.34e-04 |g|=14.739 mem=2.18GB 49ms/step data=1%
2026-08-10 20:07:28,078 INFO step=6325/20000 total=1.8699 si_sdr=0.07 si_sdri=22.86 lr=2.33e-04 |g|=23.463 mem=2.18GB 52ms/step data=0%
2026-08-10 20:07:29,363 INFO step=6350/20000 total=3.6138 si_sdr=-1.08 si_sdri=21.71 lr=2.33e-04 |g|=10.385 mem=2.18GB 49ms/step data=1%
2026-08-10 20:07:30,106 INFO [ACT LEN FIX] 累计 4000 次 (最近 ratio=160.000)
2026-08-10 20:07:30,328 INFO Dataset 样本统计 [total=6000] present=0 absent=1932 swap=4068
2026-08-10 20:07:30,380 INFO Dataset 样本统计 [total=6000] present=0 absent=2008 swap=3992
2026-08-10 20:07:30,474 INFO [ACT LEN FIX] 累计 4000 次 (最近 ratio=160.000)
2026-08-10 20:07:30,649 INFO step=6375/20000 total=5.4115 si_sdr=-2.01 si_sdri=20.78 lr=2.32e-04 |g|=14.830 mem=2.18GB 49ms/step data=0%
2026-08-10 20:07:31,936 INFO step=6400/20000 total=4.8152 si_sdr=-1.48 si_sdri=21.31 lr=2.32e-04 |g|=20.075 mem=2.18GB 55ms/step data=1%
2026-08-10 20:07:33,253 INFO step=6425/20000 total=1.2778 si_sdr=0.45 si_sdri=23.23 lr=2.31e-04 |g|=16.373 mem=2.18GB 53ms/step data=0%
2026-08-10 20:07:34,633 INFO step=6450/20000 total=5.8719 si_sdr=-2.08 si_sdri=20.70 lr=2.31e-04 |g|=39.497 mem=2.18GB 50ms/step data=0%
2026-08-10 20:07:35,987 INFO step=6475/20000 total=3.1380 si_sdr=-0.74 si_sdri=22.05 lr=2.30e-04 |g|=19.424 mem=2.18GB 57ms/step data=0%
2026-08-10 20:07:37,035 INFO Dataset 样本统计 [total=7000] present=0 absent=2286 swap=4714
2026-08-10 20:07:37,094 INFO Dataset 样本统计 [total=7000] present=0 absent=2321 swap=4679
2026-08-10 20:07:37,362 INFO step=6500/20000 total=5.7089 si_sdr=-1.90 si_sdri=20.89 lr=2.30e-04 |g|=33.352 mem=2.18GB 57ms/step data=1%
2026-08-10 20:07:37,430 INFO 存 checkpoint: checkpoint_step6500.pt
2026-08-10 20:07:41,063 INFO Dataset 样本统计 [total=37000] present=0 absent=12333 swap=24667
2026-08-10 20:07:42,921 INFO [ACT LEN FIX] 累计 25000 次 (最近 ratio=160.000)
2026-08-10 20:07:44,713 INFO Dataset 样本统计 [total=38000] present=0 absent=12666 swap=25334
2026-08-10 20:07:48,332 INFO [ACT LEN FIX] 累计 26000 次 (最近 ratio=160.000)
2026-08-10 20:07:48,332 INFO Dataset 样本统计 [total=39000] present=0 absent=13000 swap=26000
2026-08-10 20:07:48,359 INFO   dev_loss=4.6058 dev_sisdr=-1.39 dB
2026-08-10 20:07:49,860 INFO step=6525/20000 total=4.7641 si_sdr=-1.62 si_sdri=21.17 lr=2.29e-04 |g|=22.854 mem=2.18GB 59ms/step data=0%
2026-08-10 20:07:51,090 INFO [ACT LEN FIX] 累计 5000 次 (最近 ratio=187.013)
2026-08-10 20:07:51,178 INFO step=6550/20000 total=1.4376 si_sdr=0.22 si_sdri=23.00 lr=2.29e-04 |g|=12.618 mem=2.18GB 52ms/step data=0%
2026-08-10 20:07:51,764 INFO [ACT LEN FIX] 累计 5000 次 (最近 ratio=160.000)
2026-08-10 20:07:52,527 INFO step=6575/20000 total=3.5698 si_sdr=-0.95 si_sdri=21.84 lr=2.28e-04 |g|=20.101 mem=2.18GB 58ms/step data=0%
2026-08-10 20:07:54,078 INFO step=6600/20000 total=1.3965 si_sdr=0.24 si_sdri=23.03 lr=2.28e-04 |g|=16.051 mem=2.18GB 68ms/step data=1%
2026-08-10 20:07:55,144 INFO Dataset 样本统计 [total=8000] present=0 absent=2642 swap=5358
2026-08-10 20:07:55,201 INFO Dataset 样本统计 [total=8000] present=0 absent=2648 swap=5352
2026-08-10 20:07:55,490 INFO step=6625/20000 total=5.4101 si_sdr=-1.70 si_sdri=21.08 lr=2.27e-04 |g|=22.422 mem=2.18GB 58ms/step data=0%
2026-08-10 20:07:56,840 INFO step=6650/20000 total=4.3706 si_sdr=-1.22 si_sdri=21.56 lr=2.27e-04 |g|=19.452 mem=2.18GB 49ms/step data=1%
2026-08-10 20:07:58,195 INFO step=6675/20000 total=5.3150 si_sdr=-1.76 si_sdri=21.03 lr=2.26e-04 |g|=25.672 mem=2.18GB 59ms/step data=0%
2026-08-10 20:07:59,580 INFO step=6700/20000 total=5.6208 si_sdr=-1.90 si_sdri=20.89 lr=2.26e-04 |g|=19.670 mem=2.18GB 50ms/step data=1%
2026-08-10 20:08:00,936 INFO step=6725/20000 total=2.9354 si_sdr=-0.54 si_sdri=22.25 lr=2.25e-04 |g|=23.124 mem=2.18GB 57ms/step data=0%
2026-08-10 20:08:01,429 INFO [ACT LEN FIX] 累计 6000 次 (最近 ratio=191.362)
2026-08-10 20:08:01,973 INFO Dataset 样本统计 [total=9000] present=0 absent=2999 swap=6001
2026-08-10 20:08:02,032 INFO Dataset 样本统计 [total=9000] present=0 absent=2973 swap=6027
2026-08-10 20:08:02,282 INFO step=6750/20000 total=4.7003 si_sdr=-1.47 si_sdri=21.32 lr=2.25e-04 |g|=25.424 mem=2.18GB 49ms/step data=1%
2026-08-10 20:08:02,373 INFO [ACT LEN FIX] 累计 6000 次 (最近 ratio=164.103)
2026-08-10 20:08:03,651 INFO step=6775/20000 total=5.1587 si_sdr=-1.79 si_sdri=21.00 lr=2.24e-04 |g|=19.914 mem=2.18GB 56ms/step data=0%
2026-08-10 20:08:05,097 INFO step=6800/20000 total=4.9889 si_sdr=-1.56 si_sdri=21.23 lr=2.24e-04 |g|=24.724 mem=2.18GB 51ms/step data=1%
2026-08-10 20:08:06,451 INFO step=6825/20000 total=3.0564 si_sdr=-0.67 si_sdri=22.12 lr=2.23e-04 |g|=22.891 mem=2.18GB 61ms/step data=0%
2026-08-10 20:08:07,763 INFO step=6850/20000 total=5.0935 si_sdr=-1.54 si_sdri=21.25 lr=2.23e-04 |g|=20.879 mem=2.18GB 50ms/step data=0%
2026-08-10 20:08:08,722 INFO Dataset 样本统计 [total=10000] present=0 absent=3337 swap=6663
2026-08-10 20:08:08,772 INFO Dataset 样本统计 [total=10000] present=0 absent=3261 swap=6739
2026-08-10 20:08:09,047 INFO step=6875/20000 total=0.9072 si_sdr=0.38 si_sdri=23.17 lr=2.22e-04 |g|=21.818 mem=2.18GB 49ms/step data=0%
2026-08-10 20:08:10,353 INFO step=6900/20000 total=2.6294 si_sdr=-0.40 si_sdri=22.38 lr=2.22e-04 |g|=16.849 mem=2.18GB 50ms/step data=0%
2026-08-10 20:08:11,325 INFO [ACT LEN FIX] 累计 7000 次 (最近 ratio=160.000)
2026-08-10 20:08:11,669 INFO step=6925/20000 total=2.9220 si_sdr=-0.66 si_sdri=22.13 lr=2.21e-04 |g|=19.951 mem=2.18GB 59ms/step data=0%
2026-08-10 20:08:12,715 INFO [ACT LEN FIX] 累计 7000 次 (最近 ratio=160.000)
2026-08-10 20:08:12,954 INFO step=6950/20000 total=3.9946 si_sdr=-1.02 si_sdri=21.77 lr=2.21e-04 |g|=32.871 mem=2.18GB 53ms/step data=0%
2026-08-10 20:08:14,240 INFO step=6975/20000 total=5.4637 si_sdr=-1.60 si_sdri=21.18 lr=2.20e-04 |g|=65.246 mem=2.18GB 50ms/step data=0%
2026-08-10 20:08:15,272 INFO Dataset 样本统计 [total=11000] present=0 absent=3675 swap=7325
2026-08-10 20:08:15,326 INFO Dataset 样本统计 [total=11000] present=0 absent=3609 swap=7391
2026-08-10 20:08:15,621 INFO step=7000/20000 total=1.4282 si_sdr=0.14 si_sdri=22.93 lr=2.19e-04 |g|=18.790 mem=2.18GB 65ms/step data=0%
2026-08-10 20:08:15,689 INFO 存 checkpoint: checkpoint_step7000.pt
2026-08-10 20:08:19,183 INFO Dataset 样本统计 [total=40000] present=0 absent=13333 swap=26667
2026-08-10 20:08:20,967 INFO [ACT LEN FIX] 累计 27000 次 (最近 ratio=160.000)
2026-08-10 20:08:22,669 INFO Dataset 样本统计 [total=41000] present=0 absent=13666 swap=27334
2026-08-10 20:08:26,195 INFO [ACT LEN FIX] 累计 28000 次 (最近 ratio=160.000)
2026-08-10 20:08:26,196 INFO Dataset 样本统计 [total=42000] present=0 absent=14000 swap=28000
2026-08-10 20:08:26,222 INFO   dev_loss=4.3049 dev_sisdr=-1.27 dB
2026-08-10 20:08:27,498 INFO step=7025/20000 total=4.2642 si_sdr=-1.30 si_sdri=21.49 lr=2.19e-04 |g|=17.228 mem=2.18GB 50ms/step data=0%
2026-08-10 20:08:28,817 INFO step=7050/20000 total=1.2645 si_sdr=0.32 si_sdri=23.10 lr=2.18e-04 |g|=16.570 mem=2.18GB 51ms/step data=1%
2026-08-10 20:08:30,144 INFO step=7075/20000 total=7.0791 si_sdr=-2.65 si_sdri=20.13 lr=2.18e-04 |g|=739.379 mem=2.18GB 53ms/step data=0%
2026-08-10 20:08:31,482 INFO step=7100/20000 total=5.3548 si_sdr=-1.90 si_sdri=20.88 lr=2.17e-04 |g|=18.688 mem=2.18GB 61ms/step data=0%
2026-08-10 20:08:31,511 INFO [ACT LEN FIX] 累计 8000 次 (最近 ratio=160.000)
2026-08-10 20:08:32,520 INFO Dataset 样本统计 [total=12000] present=0 absent=4035 swap=7965
2026-08-10 20:08:32,574 INFO Dataset 样本统计 [total=12000] present=0 absent=3924 swap=8076
2026-08-10 20:08:32,842 INFO step=7125/20000 total=-1.5198 si_sdr=1.75 si_sdri=24.54 lr=2.17e-04 |g|=20.540 mem=2.18GB 49ms/step data=0%
2026-08-10 20:08:33,268 INFO [ACT LEN FIX] 累计 8000 次 (最近 ratio=160.000)
2026-08-10 20:08:34,124 INFO step=7150/20000 total=5.3807 si_sdr=-1.74 si_sdri=21.04 lr=2.16e-04 |g|=20.752 mem=2.18GB 49ms/step data=0%
2026-08-10 20:08:35,395 INFO step=7175/20000 total=4.8798 si_sdr=-1.67 si_sdri=21.12 lr=2.16e-04 |g|=23.809 mem=2.18GB 49ms/step data=0%
2026-08-10 20:08:36,678 INFO step=7200/20000 total=2.8457 si_sdr=-0.58 si_sdri=22.20 lr=2.15e-04 |g|=23.162 mem=2.18GB 61ms/step data=0%
2026-08-10 20:08:38,231 INFO step=7225/20000 total=1.3003 si_sdr=0.23 si_sdri=23.01 lr=2.15e-04 |g|=23.678 mem=2.18GB 49ms/step data=0%
2026-08-10 20:08:39,220 INFO Dataset 样本统计 [total=13000] present=0 absent=4339 swap=8661
2026-08-10 20:08:39,271 INFO Dataset 样本统计 [total=13000] present=0 absent=4292 swap=8708
2026-08-10 20:08:39,506 INFO step=7250/20000 total=-1.5409 si_sdr=1.75 si_sdri=24.54 lr=2.14e-04 |g|=17.338 mem=2.18GB 50ms/step data=0%
2026-08-10 20:08:40,818 INFO step=7275/20000 total=3.7026 si_sdr=-0.95 si_sdri=21.83 lr=2.14e-04 |g|=13.472 mem=2.18GB 50ms/step data=0%
2026-08-10 20:08:41,797 INFO [ACT LEN FIX] 累计 9000 次 (最近 ratio=160.000)
2026-08-10 20:08:42,100 INFO step=7300/20000 total=2.6726 si_sdr=-0.40 si_sdri=22.39 lr=2.13e-04 |g|=25.460 mem=2.18GB 49ms/step data=1%
2026-08-10 20:08:43,338 INFO [ACT LEN FIX] 累计 9000 次 (最近 ratio=160.000)
2026-08-10 20:08:43,412 INFO step=7325/20000 total=9.2557 si_sdr=-3.87 si_sdri=18.92 lr=2.13e-04 |g|=22.454 mem=2.18GB 50ms/step data=0%
2026-08-10 20:08:44,725 INFO step=7350/20000 total=4.1684 si_sdr=-1.12 si_sdri=21.67 lr=2.12e-04 |g|=24.109 mem=2.18GB 50ms/step data=0%
2026-08-10 20:08:45,803 INFO Dataset 样本统计 [total=14000] present=0 absent=4663 swap=9337
2026-08-10 20:08:45,853 INFO Dataset 样本统计 [total=14000] present=0 absent=4648 swap=9352
2026-08-10 20:08:46,125 INFO step=7375/20000 total=2.0583 si_sdr=-0.09 si_sdri=22.69 lr=2.11e-04 |g|=21.927 mem=2.18GB 51ms/step data=0%
2026-08-10 20:08:47,400 INFO step=7400/20000 total=3.7538 si_sdr=-1.05 si_sdri=21.74 lr=2.11e-04 |g|=28.102 mem=2.18GB 50ms/step data=0%
2026-08-10 20:08:48,774 INFO step=7425/20000 total=3.7045 si_sdr=-1.00 si_sdri=21.79 lr=2.10e-04 |g|=19.848 mem=2.18GB 156ms/step data=67%
2026-08-10 20:08:50,064 INFO step=7450/20000 total=2.4819 si_sdr=-0.43 si_sdri=22.36 lr=2.10e-04 |g|=13.953 mem=2.18GB 51ms/step data=0%
2026-08-10 20:08:51,331 INFO step=7475/20000 total=1.7766 si_sdr=0.01 si_sdri=22.80 lr=2.09e-04 |g|=15.563 mem=2.18GB 52ms/step data=0%
2026-08-10 20:08:51,517 INFO [ACT LEN FIX] 累计 10000 次 (最近 ratio=160.000)
2026-08-10 20:08:52,307 INFO Dataset 样本统计 [total=15000] present=0 absent=4995 swap=10005
2026-08-10 20:08:52,708 INFO [ACT LEN FIX] sample-level activity 295 → 57600 (len(mix)), ratio=195.254  [后续将每 1000 次汇总 1 条]
2026-08-10 20:08:52,713 INFO [ACT LEN FIX] sample-level activity 296 → 57600 (len(mix)), ratio=194.595  [后续将每 1000 次汇总 1 条]
2026-08-10 20:08:52,959 INFO step=7500/20000 total=7.4858 si_sdr=-2.88 si_sdri=19.91 lr=2.09e-04 |g|=119.826 mem=2.18GB 420ms/step data=82%
2026-08-10 20:08:53,037 INFO 存 checkpoint: checkpoint_step7500.pt
2026-08-10 20:08:56,548 INFO Dataset 样本统计 [total=43000] present=0 absent=14333 swap=28667
2026-08-10 20:08:58,310 INFO [ACT LEN FIX] 累计 29000 次 (最近 ratio=160.000)
2026-08-10 20:09:00,145 INFO Dataset 样本统计 [total=44000] present=0 absent=14666 swap=29334
2026-08-10 20:09:03,681 INFO [ACT LEN FIX] 累计 30000 次 (最近 ratio=160.000)
2026-08-10 20:09:03,682 INFO Dataset 样本统计 [total=45000] present=0 absent=15000 swap=30000
2026-08-10 20:09:03,707 INFO   dev_loss=4.5302 dev_sisdr=-1.40 dB
2026-08-10 20:09:05,089 INFO step=7525/20000 total=3.3293 si_sdr=-0.93 si_sdri=21.86 lr=2.08e-04 |g|=18.708 mem=2.18GB 55ms/step data=0%
2026-08-10 20:09:06,449 INFO step=7550/20000 total=2.4714 si_sdr=-0.33 si_sdri=22.46 lr=2.08e-04 |g|=12.505 mem=2.18GB 51ms/step data=1%
2026-08-10 20:09:07,725 INFO step=7575/20000 total=3.1529 si_sdr=-0.62 si_sdri=22.17 lr=2.07e-04 |g|=21.037 mem=2.18GB 51ms/step data=0%
2026-08-10 20:09:08,974 INFO step=7600/20000 total=5.2901 si_sdr=-1.92 si_sdri=20.87 lr=2.07e-04 |g|=24.267 mem=2.18GB 49ms/step data=0%
2026-08-10 20:09:10,071 INFO Dataset 样本统计 [total=1000] present=0 absent=314 swap=686
2026-08-10 20:09:10,122 INFO Dataset 样本统计 [total=1000] present=0 absent=337 swap=663
2026-08-10 20:09:10,370 INFO step=7625/20000 total=4.0266 si_sdr=-1.11 si_sdri=21.67 lr=2.06e-04 |g|=22.061 mem=2.18GB 55ms/step data=0%
2026-08-10 20:09:11,688 INFO step=7650/20000 total=2.3096 si_sdr=-0.42 si_sdri=22.37 lr=2.05e-04 |g|=19.950 mem=2.18GB 49ms/step data=0%
2026-08-10 20:09:13,003 INFO step=7675/20000 total=1.9197 si_sdr=-0.04 si_sdri=22.75 lr=2.05e-04 |g|=13.957 mem=2.18GB 54ms/step data=0%
2026-08-10 20:09:13,386 INFO [ACT LEN FIX] 累计 1000 次 (最近 ratio=160.000)
2026-08-10 20:09:13,659 INFO [ACT LEN FIX] 累计 1000 次 (最近 ratio=160.000)
2026-08-10 20:09:14,304 INFO step=7700/20000 total=6.3080 si_sdr=-2.36 si_sdri=20.43 lr=2.04e-04 |g|=34.881 mem=2.18GB 53ms/step data=0%
2026-08-10 20:09:15,593 INFO step=7725/20000 total=4.3318 si_sdr=-1.37 si_sdri=21.41 lr=2.04e-04 |g|=18.792 mem=2.18GB 51ms/step data=0%
2026-08-10 20:09:16,560 INFO Dataset 样本统计 [total=2000] present=0 absent=657 swap=1343
2026-08-10 20:09:16,609 INFO Dataset 样本统计 [total=2000] present=0 absent=694 swap=1306
2026-08-10 20:09:16,886 INFO step=7750/20000 total=-0.7720 si_sdr=1.23 si_sdri=24.02 lr=2.03e-04 |g|=28.788 mem=2.18GB 51ms/step data=1%
2026-08-10 20:09:18,177 INFO step=7775/20000 total=1.0012 si_sdr=0.36 si_sdri=23.14 lr=2.03e-04 |g|=25.338 mem=2.18GB 52ms/step data=0%
2026-08-10 20:09:19,462 INFO step=7800/20000 total=-0.3191 si_sdr=1.01 si_sdri=23.80 lr=2.02e-04 |g|=18.134 mem=2.18GB 50ms/step data=0%
2026-08-10 20:09:20,744 INFO step=7825/20000 total=0.2606 si_sdr=0.67 si_sdri=23.45 lr=2.02e-04 |g|=23.958 mem=2.18GB 53ms/step data=0%
2026-08-10 20:09:22,051 INFO step=7850/20000 total=3.9172 si_sdr=-1.15 si_sdri=21.64 lr=2.01e-04 |g|=31.734 mem=2.18GB 50ms/step data=0%
2026-08-10 20:09:23,070 INFO Dataset 样本统计 [total=3000] present=0 absent=1003 swap=1997
2026-08-10 20:09:23,121 INFO Dataset 样本统计 [total=3000] present=0 absent=1010 swap=1990
2026-08-10 20:09:23,129 INFO [ACT LEN FIX] 累计 2000 次 (最近 ratio=160.000)
2026-08-10 20:09:23,357 INFO step=7875/20000 total=5.6328 si_sdr=-1.91 si_sdri=20.88 lr=2.00e-04 |g|=18.242 mem=2.18GB 51ms/step data=0%
2026-08-10 20:09:23,468 INFO [ACT LEN FIX] 累计 2000 次 (最近 ratio=160.000)
2026-08-10 20:09:24,646 INFO step=7900/20000 total=9.2865 si_sdr=-3.84 si_sdri=18.95 lr=2.00e-04 |g|=14.645 mem=2.18GB 50ms/step data=0%
2026-08-10 20:09:25,940 INFO step=7925/20000 total=1.5834 si_sdr=0.11 si_sdri=22.89 lr=1.99e-04 |g|=28.968 mem=2.18GB 49ms/step data=0%
2026-08-10 20:09:27,613 INFO step=7950/20000 total=4.0727 si_sdr=-1.20 si_sdri=21.59 lr=1.99e-04 |g|=16.976 mem=2.18GB 52ms/step data=0%
2026-08-10 20:09:28,927 INFO step=7975/20000 total=2.1004 si_sdr=-0.13 si_sdri=22.66 lr=1.98e-04 |g|=19.547 mem=2.18GB 52ms/step data=0%
2026-08-10 20:09:30,149 INFO Dataset 样本统计 [total=4000] present=0 absent=1336 swap=2664
2026-08-10 20:09:30,202 INFO Dataset 样本统计 [total=4000] present=0 absent=1350 swap=2650
2026-08-10 20:09:30,492 INFO step=8000/20000 total=3.2357 si_sdr=-0.75 si_sdri=22.04 lr=1.98e-04 |g|=18.271 mem=2.18GB 55ms/step data=0%
2026-08-10 20:09:30,560 INFO 存 checkpoint: checkpoint_step8000.pt
2026-08-10 20:09:34,359 INFO Dataset 样本统计 [total=46000] present=0 absent=15333 swap=30667
2026-08-10 20:09:36,160 INFO [ACT LEN FIX] 累计 31000 次 (最近 ratio=160.000)
2026-08-10 20:09:38,011 INFO Dataset 样本统计 [total=47000] present=0 absent=15666 swap=31334
2026-08-10 20:09:41,687 INFO [ACT LEN FIX] 累计 32000 次 (最近 ratio=160.000)
2026-08-10 20:09:41,687 INFO Dataset 样本统计 [total=48000] present=0 absent=16000 swap=32000
2026-08-10 20:09:41,714 INFO   dev_loss=4.2231 dev_sisdr=-1.26 dB
2026-08-10 20:09:43,033 INFO step=8025/20000 total=2.2027 si_sdr=-0.29 si_sdri=22.49 lr=1.97e-04 |g|=12.991 mem=2.18GB 51ms/step data=1%
2026-08-10 20:09:44,430 INFO step=8050/20000 total=3.3551 si_sdr=-0.88 si_sdri=21.91 lr=1.97e-04 |g|=14.323 mem=2.18GB 53ms/step data=0%
2026-08-10 20:09:44,645 INFO [ACT LEN FIX] 累计 3000 次 (最近 ratio=160.000)
2026-08-10 20:09:45,135 INFO [ACT LEN FIX] 累计 3000 次 (最近 ratio=176.687)
2026-08-10 20:09:45,724 INFO step=8075/20000 total=0.2828 si_sdr=0.71 si_sdri=23.49 lr=1.96e-04 |g|=27.969 mem=2.18GB 51ms/step data=0%
2026-08-10 20:09:47,024 INFO step=8100/20000 total=2.8142 si_sdr=-0.51 si_sdri=22.28 lr=1.95e-04 |g|=23.760 mem=2.18GB 50ms/step data=0%
2026-08-10 20:09:48,020 INFO Dataset 样本统计 [total=5000] present=0 absent=1667 swap=3333
2026-08-10 20:09:48,069 INFO Dataset 样本统计 [total=5000] present=0 absent=1680 swap=3320
2026-08-10 20:09:48,313 INFO step=8125/20000 total=2.2011 si_sdr=-0.23 si_sdri=22.56 lr=1.95e-04 |g|=28.713 mem=2.18GB 50ms/step data=0%
2026-08-10 20:09:49,602 INFO step=8150/20000 total=2.6032 si_sdr=-0.38 si_sdri=22.41 lr=1.94e-04 |g|=23.877 mem=2.18GB 49ms/step data=0%
2026-08-10 20:09:50,928 INFO step=8175/20000 total=4.0634 si_sdr=-1.21 si_sdri=21.58 lr=1.94e-04 |g|=33.936 mem=2.18GB 50ms/step data=0%
2026-08-10 20:09:52,235 INFO step=8200/20000 total=1.3715 si_sdr=0.16 si_sdri=22.95 lr=1.93e-04 |g|=22.579 mem=2.18GB 51ms/step data=0%
2026-08-10 20:09:53,586 INFO step=8225/20000 total=-0.4786 si_sdr=1.11 si_sdri=23.90 lr=1.93e-04 |g|=15.323 mem=2.18GB 57ms/step data=1%
2026-08-10 20:09:54,414 INFO [ACT LEN FIX] 累计 4000 次 (最近 ratio=160.000)
2026-08-10 20:09:54,592 INFO Dataset 样本统计 [total=6000] present=0 absent=1986 swap=4014
2026-08-10 20:09:54,643 INFO Dataset 样本统计 [total=6000] present=0 absent=2017 swap=3983
2026-08-10 20:09:54,920 INFO step=8250/20000 total=0.2580 si_sdr=0.61 si_sdri=23.40 lr=1.92e-04 |g|=15.215 mem=2.18GB 52ms/step data=0%
2026-08-10 20:09:55,195 INFO [ACT LEN FIX] 累计 4000 次 (最近 ratio=160.000)
2026-08-10 20:09:56,198 INFO step=8275/20000 total=3.5357 si_sdr=-1.01 si_sdri=21.78 lr=1.91e-04 |g|=24.405 mem=2.18GB 52ms/step data=1%
2026-08-10 20:09:57,471 INFO step=8300/20000 total=-0.8374 si_sdr=1.40 si_sdri=24.19 lr=1.91e-04 |g|=24.993 mem=2.18GB 49ms/step data=1%
2026-08-10 20:09:58,762 INFO step=8325/20000 total=2.5294 si_sdr=-0.38 si_sdri=22.40 lr=1.90e-04 |g|=23.299 mem=2.18GB 49ms/step data=1%
2026-08-10 20:10:00,159 INFO step=8350/20000 total=1.6490 si_sdr=0.05 si_sdri=22.84 lr=1.90e-04 |g|=22.605 mem=2.18GB 55ms/step data=0%
2026-08-10 20:10:01,207 INFO Dataset 样本统计 [total=7000] present=0 absent=2343 swap=4657
2026-08-10 20:10:01,264 INFO Dataset 样本统计 [total=7000] present=0 absent=2351 swap=4649
2026-08-10 20:10:01,522 INFO step=8375/20000 total=0.7318 si_sdr=0.47 si_sdri=23.26 lr=1.89e-04 |g|=23.481 mem=2.18GB 51ms/step data=1%
2026-08-10 20:10:02,848 INFO step=8400/20000 total=1.9079 si_sdr=0.01 si_sdri=22.80 lr=1.89e-04 |g|=26.749 mem=2.18GB 50ms/step data=0%
2026-08-10 20:10:04,137 INFO step=8425/20000 total=2.0385 si_sdr=-0.19 si_sdri=22.60 lr=1.88e-04 |g|=25.210 mem=2.18GB 51ms/step data=0%
2026-08-10 20:10:04,218 INFO [ACT LEN FIX] 累计 5000 次 (最近 ratio=160.000)
2026-08-10 20:10:05,087 INFO [ACT LEN FIX] 累计 5000 次 (最近 ratio=160.000)
2026-08-10 20:10:05,531 INFO step=8450/20000 total=-1.6804 si_sdr=1.75 si_sdri=24.54 lr=1.87e-04 |g|=22.272 mem=2.18GB 61ms/step data=0%
2026-08-10 20:10:06,885 INFO step=8475/20000 total=3.5528 si_sdr=-1.03 si_sdri=21.76 lr=1.87e-04 |g|=16.057 mem=2.18GB 51ms/step data=0%
2026-08-10 20:10:07,831 INFO Dataset 样本统计 [total=8000] present=0 absent=2638 swap=5362
2026-08-10 20:10:07,882 INFO Dataset 样本统计 [total=8000] present=0 absent=2663 swap=5337
2026-08-10 20:10:08,153 INFO step=8500/20000 total=2.3429 si_sdr=-0.31 si_sdri=22.48 lr=1.86e-04 |g|=25.024 mem=2.18GB 51ms/step data=0%
2026-08-10 20:10:08,215 INFO 存 checkpoint: checkpoint_step8500.pt
2026-08-10 20:10:11,838 INFO Dataset 样本统计 [total=49000] present=0 absent=16333 swap=32667
2026-08-10 20:10:13,661 INFO [ACT LEN FIX] 累计 33000 次 (最近 ratio=160.000)
2026-08-10 20:10:15,593 INFO Dataset 样本统计 [total=50000] present=0 absent=16666 swap=33334
2026-08-10 20:10:19,647 INFO [ACT LEN FIX] 累计 34000 次 (最近 ratio=160.000)
2026-08-10 20:10:19,648 INFO Dataset 样本统计 [total=51000] present=0 absent=17000 swap=34000
2026-08-10 20:10:19,677 INFO   dev_loss=4.0674 dev_sisdr=-1.19 dB
2026-08-10 20:10:21,082 INFO step=8525/20000 total=2.6035 si_sdr=-0.51 si_sdri=22.27 lr=1.86e-04 |g|=16.564 mem=2.18GB 57ms/step data=0%
2026-08-10 20:10:22,460 INFO step=8550/20000 total=4.1133 si_sdr=-1.21 si_sdri=21.58 lr=1.85e-04 |g|=20.974 mem=2.18GB 54ms/step data=0%
2026-08-10 20:10:23,858 INFO step=8575/20000 total=2.4831 si_sdr=-0.41 si_sdri=22.37 lr=1.85e-04 |g|=14.055 mem=2.18GB 58ms/step data=0%
2026-08-10 20:10:25,260 INFO step=8600/20000 total=4.9146 si_sdr=-1.55 si_sdri=21.24 lr=1.84e-04 |g|=31.560 mem=2.18GB 52ms/step data=0%
2026-08-10 20:10:26,242 INFO [ACT LEN FIX] 累计 6000 次 (最近 ratio=160.000)
2026-08-10 20:10:26,290 INFO Dataset 样本统计 [total=9000] present=0 absent=2956 swap=6044
2026-08-10 20:10:26,346 INFO Dataset 样本统计 [total=9000] present=0 absent=3008 swap=5992
2026-08-10 20:10:26,593 INFO step=8625/20000 total=1.1205 si_sdr=0.28 si_sdri=23.07 lr=1.83e-04 |g|=13.335 mem=2.18GB 50ms/step data=0%
2026-08-10 20:10:27,184 INFO [ACT LEN FIX] 累计 6000 次 (最近 ratio=160.000)
2026-08-10 20:10:27,973 INFO step=8650/20000 total=4.0469 si_sdr=-1.38 si_sdri=21.41 lr=1.83e-04 |g|=42.350 mem=2.18GB 58ms/step data=0%
2026-08-10 20:10:29,318 INFO step=8675/20000 total=3.6645 si_sdr=-1.08 si_sdri=21.70 lr=1.82e-04 |g|=26.291 mem=2.18GB 50ms/step data=0%
2026-08-10 20:10:30,592 INFO step=8700/20000 total=5.2963 si_sdr=-1.91 si_sdri=20.88 lr=1.82e-04 |g|=20.223 mem=2.18GB 49ms/step data=0%
2026-08-10 20:10:31,865 INFO step=8725/20000 total=2.9109 si_sdr=-0.71 si_sdri=22.08 lr=1.81e-04 |g|=27.367 mem=2.18GB 49ms/step data=0%
2026-08-10 20:10:32,843 INFO Dataset 样本统计 [total=10000] present=0 absent=3299 swap=6701
2026-08-10 20:10:32,894 INFO Dataset 样本统计 [total=10000] present=0 absent=3350 swap=6650
2026-08-10 20:10:33,176 INFO step=8750/20000 total=0.3839 si_sdr=0.64 si_sdri=23.43 lr=1.81e-04 |g|=29.280 mem=2.18GB 53ms/step data=0%
2026-08-10 20:10:34,463 INFO step=8775/20000 total=6.5704 si_sdr=-2.41 si_sdri=20.37 lr=1.80e-04 |g|=22.417 mem=2.18GB 50ms/step data=0%
2026-08-10 20:10:35,737 INFO step=8800/20000 total=1.2408 si_sdr=0.26 si_sdri=23.05 lr=1.79e-04 |g|=31.119 mem=2.18GB 51ms/step data=0%
2026-08-10 20:10:35,843 INFO [ACT LEN FIX] 累计 7000 次 (最近 ratio=160.000)
2026-08-10 20:10:37,022 INFO step=8825/20000 total=1.8240 si_sdr=-0.12 si_sdri=22.67 lr=1.79e-04 |g|=23.993 mem=2.18GB 53ms/step data=0%
2026-08-10 20:10:37,052 INFO [ACT LEN FIX] 累计 7000 次 (最近 ratio=160.000)
2026-08-10 20:10:38,338 INFO step=8850/20000 total=2.1952 si_sdr=-0.27 si_sdri=22.52 lr=1.78e-04 |g|=19.100 mem=2.18GB 49ms/step data=0%
2026-08-10 20:10:39,422 INFO Dataset 样本统计 [total=11000] present=0 absent=3636 swap=7364
2026-08-10 20:10:39,466 INFO Dataset 样本统计 [total=11000] present=0 absent=3704 swap=7296
2026-08-10 20:10:39,705 INFO step=8875/20000 total=2.0773 si_sdr=-0.27 si_sdri=22.52 lr=1.78e-04 |g|=45.707 mem=2.18GB 50ms/step data=0%
2026-08-10 20:10:40,972 INFO step=8900/20000 total=3.9016 si_sdr=-1.22 si_sdri=21.56 lr=1.77e-04 |g|=26.469 mem=2.18GB 51ms/step data=0%
2026-08-10 20:10:42,242 INFO step=8925/20000 total=4.6459 si_sdr=-1.51 si_sdri=21.28 lr=1.77e-04 |g|=26.623 mem=2.18GB 52ms/step data=0%
2026-08-10 20:10:43,519 INFO step=8950/20000 total=7.0994 si_sdr=-2.72 si_sdri=20.07 lr=1.76e-04 |g|=24.749 mem=2.18GB 52ms/step data=0%
2026-08-10 20:10:44,811 INFO step=8975/20000 total=-1.4613 si_sdr=1.58 si_sdri=24.37 lr=1.75e-04 |g|=19.935 mem=2.18GB 52ms/step data=0%
2026-08-10 20:10:45,497 INFO [ACT LEN FIX] 累计 8000 次 (最近 ratio=160.000)
2026-08-10 20:10:45,770 INFO Dataset 样本统计 [total=12000] present=0 absent=3964 swap=8036
2026-08-10 20:10:45,820 INFO Dataset 样本统计 [total=12000] present=0 absent=4052 swap=7948
2026-08-10 20:10:46,115 INFO step=9000/20000 total=4.2422 si_sdr=-1.41 si_sdri=21.37 lr=1.75e-04 |g|=11.881 mem=2.18GB 52ms/step data=0%
2026-08-10 20:10:46,184 INFO 存 checkpoint: checkpoint_step9000.pt
2026-08-10 20:10:49,718 INFO Dataset 样本统计 [total=52000] present=0 absent=17333 swap=34667
2026-08-10 20:10:51,503 INFO [ACT LEN FIX] 累计 35000 次 (最近 ratio=160.000)
2026-08-10 20:10:53,264 INFO Dataset 样本统计 [total=53000] present=0 absent=17666 swap=35334
2026-08-10 20:10:57,084 INFO [ACT LEN FIX] 累计 36000 次 (最近 ratio=160.000)
2026-08-10 20:10:57,085 INFO Dataset 样本统计 [total=54000] present=0 absent=18000 swap=36000
2026-08-10 20:10:57,109 INFO   dev_loss=3.9092 dev_sisdr=-1.15 dB
2026-08-10 20:10:57,673 INFO [ACT LEN FIX] 累计 8000 次 (最近 ratio=160.000)
2026-08-10 20:10:58,386 INFO step=9025/20000 total=0.4781 si_sdr=0.56 si_sdri=23.35 lr=1.74e-04 |g|=23.607 mem=2.18GB 49ms/step data=0%
2026-08-10 20:10:59,667 INFO step=9050/20000 total=4.5498 si_sdr=-1.50 si_sdri=21.28 lr=1.74e-04 |g|=24.698 mem=2.18GB 51ms/step data=0%
2026-08-10 20:11:00,956 INFO step=9075/20000 total=1.7722 si_sdr=-0.18 si_sdri=22.61 lr=1.73e-04 |g|=13.251 mem=2.18GB 51ms/step data=0%
2026-08-10 20:11:02,290 INFO step=9100/20000 total=3.0950 si_sdr=-0.79 si_sdri=22.00 lr=1.72e-04 |g|=26.350 mem=2.18GB 49ms/step data=0%
2026-08-10 20:11:03,291 INFO Dataset 样本统计 [total=13000] present=0 absent=4289 swap=8711
2026-08-10 20:11:03,345 INFO Dataset 样本统计 [total=13000] present=0 absent=4370 swap=8630
2026-08-10 20:11:03,583 INFO step=9125/20000 total=2.4122 si_sdr=-0.35 si_sdri=22.44 lr=1.72e-04 |g|=15.670 mem=2.18GB 52ms/step data=0%
2026-08-10 20:11:04,859 INFO step=9150/20000 total=3.6933 si_sdr=-1.13 si_sdri=21.66 lr=1.71e-04 |g|=22.004 mem=2.18GB 51ms/step data=0%
2026-08-10 20:11:06,140 INFO step=9175/20000 total=-0.9731 si_sdr=1.26 si_sdri=24.05 lr=1.71e-04 |g|=19.194 mem=2.18GB 52ms/step data=1%
2026-08-10 20:11:06,214 INFO [ACT LEN FIX] 累计 9000 次 (最近 ratio=160.000)
2026-08-10 20:11:07,213 INFO [ACT LEN FIX] 累计 9000 次 (最近 ratio=160.000)
2026-08-10 20:11:07,640 INFO step=9200/20000 total=3.5823 si_sdr=-1.10 si_sdri=21.68 lr=1.70e-04 |g|=15.108 mem=2.18GB 61ms/step data=0%
2026-08-10 20:11:08,935 INFO step=9225/20000 total=3.5501 si_sdr=-1.01 si_sdri=21.78 lr=1.69e-04 |g|=15.485 mem=2.18GB 51ms/step data=0%
2026-08-10 20:11:09,899 INFO Dataset 样本统计 [total=14000] present=0 absent=4631 swap=9369
2026-08-10 20:11:09,948 INFO Dataset 样本统计 [total=14000] present=0 absent=4728 swap=9272
2026-08-10 20:11:10,222 INFO step=9250/20000 total=6.1004 si_sdr=-2.27 si_sdri=20.51 lr=1.69e-04 |g|=14.681 mem=2.18GB 49ms/step data=0%
2026-08-10 20:11:11,510 INFO step=9275/20000 total=3.2406 si_sdr=-0.75 si_sdri=22.03 lr=1.68e-04 |g|=32.165 mem=2.18GB 52ms/step data=0%
2026-08-10 20:11:12,789 INFO step=9300/20000 total=0.8502 si_sdr=0.40 si_sdri=23.19 lr=1.68e-04 |g|=29.542 mem=2.18GB 50ms/step data=0%
2026-08-10 20:11:14,114 INFO step=9325/20000 total=2.5063 si_sdr=-0.51 si_sdri=22.28 lr=1.67e-04 |g|=37.549 mem=2.18GB 52ms/step data=0%
2026-08-10 20:11:15,385 INFO step=9350/20000 total=7.6222 si_sdr=-2.94 si_sdri=19.85 lr=1.67e-04 |g|=27.848 mem=2.18GB 50ms/step data=0%
2026-08-10 20:11:16,107 INFO [ACT LEN FIX] 累计 10000 次 (最近 ratio=160.000)
2026-08-10 20:11:16,379 INFO Dataset 样本统计 [total=15000] present=0 absent=4966 swap=10034
2026-08-10 20:11:16,804 INFO [ACT LEN FIX] sample-level activity 360 → 57600 (len(mix)), ratio=160.000  [后续将每 1000 次汇总 1 条]
2026-08-10 20:11:16,808 INFO [ACT LEN FIX] sample-level activity 360 → 57600 (len(mix)), ratio=160.000  [后续将每 1000 次汇总 1 条]
2026-08-10 20:11:17,078 INFO step=9375/20000 total=0.7137 si_sdr=0.39 si_sdri=23.18 lr=1.66e-04 |g|=30.295 mem=2.18GB 463ms/step data=79%
2026-08-10 20:11:18,413 INFO step=9400/20000 total=4.8798 si_sdr=-1.65 si_sdri=21.14 lr=1.65e-04 |g|=22.116 mem=2.18GB 52ms/step data=0%
2026-08-10 20:11:19,700 INFO step=9425/20000 total=2.7640 si_sdr=-0.57 si_sdri=22.21 lr=1.65e-04 |g|=19.344 mem=2.18GB 49ms/step data=0%
2026-08-10 20:11:20,995 INFO step=9450/20000 total=5.4186 si_sdr=-2.03 si_sdri=20.75 lr=1.64e-04 |g|=18.688 mem=2.18GB 50ms/step data=0%
2026-08-10 20:11:22,271 INFO step=9475/20000 total=2.9623 si_sdr=-0.77 si_sdri=22.02 lr=1.64e-04 |g|=25.393 mem=2.18GB 49ms/step data=0%
2026-08-10 20:11:23,271 INFO Dataset 样本统计 [total=1000] present=0 absent=340 swap=660
2026-08-10 20:11:23,323 INFO Dataset 样本统计 [total=1000] present=0 absent=306 swap=694
2026-08-10 20:11:23,569 INFO step=9500/20000 total=1.6645 si_sdr=-0.07 si_sdri=22.72 lr=1.63e-04 |g|=29.168 mem=2.18GB 54ms/step data=0%
2026-08-10 20:11:23,639 INFO 存 checkpoint: checkpoint_step9500.pt
2026-08-10 20:11:27,158 INFO Dataset 样本统计 [total=55000] present=0 absent=18333 swap=36667
2026-08-10 20:11:28,962 INFO [ACT LEN FIX] 累计 37000 次 (最近 ratio=160.000)
2026-08-10 20:11:30,807 INFO Dataset 样本统计 [total=56000] present=0 absent=18666 swap=37334
2026-08-10 20:11:34,637 INFO [ACT LEN FIX] 累计 38000 次 (最近 ratio=160.000)
2026-08-10 20:11:34,638 INFO Dataset 样本统计 [total=57000] present=0 absent=19000 swap=38000
2026-08-10 20:11:34,663 INFO   dev_loss=3.9841 dev_sisdr=-1.20 dB
2026-08-10 20:11:36,001 INFO step=9525/20000 total=5.6535 si_sdr=-2.15 si_sdri=20.64 lr=1.62e-04 |g|=17.788 mem=2.18GB 51ms/step data=0%
2026-08-10 20:11:37,284 INFO step=9550/20000 total=-3.3173 si_sdr=2.41 si_sdri=25.20 lr=1.62e-04 |g|=25.924 mem=2.18GB 50ms/step data=0%
2026-08-10 20:11:37,714 INFO [ACT LEN FIX] 累计 1000 次 (最近 ratio=160.000)
2026-08-10 20:11:38,065 INFO [ACT LEN FIX] 累计 1000 次 (最近 ratio=160.000)
2026-08-10 20:11:38,568 INFO step=9575/20000 total=3.6254 si_sdr=-1.08 si_sdri=21.71 lr=1.61e-04 |g|=18.824 mem=2.18GB 50ms/step data=0%
2026-08-10 20:11:39,851 INFO step=9600/20000 total=3.3184 si_sdr=-0.89 si_sdri=21.89 lr=1.61e-04 |g|=14.572 mem=2.18GB 50ms/step data=0%
2026-08-10 20:11:40,836 INFO Dataset 样本统计 [total=2000] present=0 absent=680 swap=1320
2026-08-10 20:11:40,881 INFO Dataset 样本统计 [total=2000] present=0 absent=662 swap=1338
2026-08-10 20:11:41,164 INFO step=9625/20000 total=5.0125 si_sdr=-1.78 si_sdri=21.00 lr=1.60e-04 |g|=44.219 mem=2.18GB 52ms/step data=0%
2026-08-10 20:11:42,457 INFO step=9650/20000 total=-0.9893 si_sdr=1.39 si_sdri=24.18 lr=1.59e-04 |g|=23.742 mem=2.18GB 51ms/step data=0%
2026-08-10 20:11:43,702 INFO step=9675/20000 total=4.2936 si_sdr=-1.28 si_sdri=21.50 lr=1.59e-04 |g|=21.625 mem=2.18GB 48ms/step data=0%
2026-08-10 20:11:44,962 INFO step=9700/20000 total=1.4211 si_sdr=0.09 si_sdri=22.87 lr=1.58e-04 |g|=19.278 mem=2.18GB 51ms/step data=0%
2026-08-10 20:11:46,232 INFO step=9725/20000 total=0.6661 si_sdr=0.46 si_sdri=23.25 lr=1.58e-04 |g|=17.309 mem=2.18GB 49ms/step data=0%
2026-08-10 20:11:47,242 INFO Dataset 样本统计 [total=3000] present=0 absent=1009 swap=1991
2026-08-10 20:11:47,292 INFO Dataset 样本统计 [total=3000] present=0 absent=1013 swap=1987
2026-08-10 20:11:47,411 INFO [ACT LEN FIX] 累计 2000 次 (最近 ratio=160.000)
2026-08-10 20:11:47,443 INFO [ACT LEN FIX] 累计 2000 次 (最近 ratio=160.000)
2026-08-10 20:11:47,531 INFO step=9750/20000 total=4.9765 si_sdr=-1.88 si_sdri=20.91 lr=1.57e-04 |g|=30.696 mem=2.18GB 51ms/step data=0%
2026-08-10 20:11:48,809 INFO step=9775/20000 total=6.0822 si_sdr=-2.28 si_sdri=20.51 lr=1.57e-04 |g|=30.395 mem=2.18GB 50ms/step data=0%
2026-08-10 20:11:50,096 INFO step=9800/20000 total=0.7930 si_sdr=0.48 si_sdri=23.27 lr=1.56e-04 |g|=23.315 mem=2.18GB 53ms/step data=0%
2026-08-10 20:11:51,379 INFO step=9825/20000 total=1.2978 si_sdr=0.11 si_sdri=22.89 lr=1.55e-04 |g|=28.373 mem=2.18GB 53ms/step data=0%
2026-08-10 20:11:52,684 INFO step=9850/20000 total=2.5435 si_sdr=-0.58 si_sdri=22.20 lr=1.55e-04 |g|=25.565 mem=2.18GB 51ms/step data=0%
2026-08-10 20:11:53,647 INFO Dataset 样本统计 [total=4000] present=0 absent=1344 swap=2656
2026-08-10 20:11:53,699 INFO Dataset 样本统计 [total=4000] present=0 absent=1338 swap=2662
2026-08-10 20:11:53,975 INFO step=9875/20000 total=4.1045 si_sdr=-1.25 si_sdri=21.54 lr=1.54e-04 |g|=19.040 mem=2.18GB 50ms/step data=0%
2026-08-10 20:11:55,260 INFO step=9900/20000 total=2.4514 si_sdr=-0.57 si_sdri=22.22 lr=1.54e-04 |g|=20.117 mem=2.18GB 51ms/step data=0%
2026-08-10 20:11:56,561 INFO step=9925/20000 total=3.6590 si_sdr=-0.97 si_sdri=21.82 lr=1.53e-04 |g|=20.336 mem=2.18GB 52ms/step data=0%
2026-08-10 20:11:57,046 INFO [ACT LEN FIX] 累计 3000 次 (最近 ratio=160.000)
2026-08-10 20:11:57,209 INFO [ACT LEN FIX] 累计 3000 次 (最近 ratio=160.000)
2026-08-10 20:11:58,013 INFO step=9950/20000 total=4.1851 si_sdr=-1.35 si_sdri=21.44 lr=1.52e-04 |g|=16.235 mem=2.18GB 67ms/step data=0%
2026-08-10 20:11:59,390 INFO step=9975/20000 total=4.3413 si_sdr=-1.29 si_sdri=21.49 lr=1.52e-04 |g|=23.057 mem=2.18GB 50ms/step data=0%
2026-08-10 20:12:00,444 INFO Dataset 样本统计 [total=5000] present=0 absent=1657 swap=3343
2026-08-10 20:12:00,497 INFO Dataset 样本统计 [total=5000] present=0 absent=1681 swap=3319
2026-08-10 20:12:00,742 INFO step=10000/20000 total=1.6104 si_sdr=-0.05 si_sdri=22.74 lr=1.51e-04 |g|=19.911 mem=2.18GB 52ms/step data=0%
2026-08-10 20:12:00,806 INFO 存 checkpoint: checkpoint_step10000.pt
2026-08-10 20:12:04,348 INFO Dataset 样本统计 [total=58000] present=0 absent=19333 swap=38667
2026-08-10 20:12:06,118 INFO [ACT LEN FIX] 累计 39000 次 (最近 ratio=160.000)
2026-08-10 20:12:08,101 INFO Dataset 样本统计 [total=59000] present=0 absent=19666 swap=39334
2026-08-10 20:12:11,752 INFO [ACT LEN FIX] 累计 40000 次 (最近 ratio=160.000)
2026-08-10 20:12:11,753 INFO Dataset 样本统计 [total=60000] present=0 absent=20000 swap=40000
2026-08-10 20:12:11,777 INFO   dev_loss=3.8021 dev_sisdr=-1.14 dB
2026-08-10 20:12:13,036 INFO step=10025/20000 total=2.8420 si_sdr=-0.72 si_sdri=22.07 lr=1.51e-04 |g|=17.539 mem=2.18GB 50ms/step data=0%
2026-08-10 20:12:14,311 INFO step=10050/20000 total=2.7995 si_sdr=-0.75 si_sdri=22.03 lr=1.50e-04 |g|=22.505 mem=2.18GB 51ms/step data=0%
2026-08-10 20:12:15,620 INFO step=10075/20000 total=-0.4392 si_sdr=0.91 si_sdri=23.69 lr=1.49e-04 |g|=15.437 mem=2.18GB 51ms/step data=0%
2026-08-10 20:12:16,915 INFO step=10100/20000 total=2.5801 si_sdr=-0.56 si_sdri=22.23 lr=1.49e-04 |g|=31.924 mem=2.18GB 50ms/step data=0%
2026-08-10 20:12:17,883 INFO Dataset 样本统计 [total=6000] present=0 absent=2010 swap=3990
2026-08-10 20:12:17,932 INFO Dataset 样本统计 [total=6000] present=0 absent=2005 swap=3995
2026-08-10 20:12:18,026 INFO [ACT LEN FIX] 累计 4000 次 (最近 ratio=160.000)
2026-08-10 20:12:18,180 INFO [ACT LEN FIX] 累计 4000 次 (最近 ratio=160.000)
2026-08-10 20:12:18,207 INFO step=10125/20000 total=5.1702 si_sdr=-1.86 si_sdri=20.92 lr=1.48e-04 |g|=22.013 mem=2.18GB 50ms/step data=0%
2026-08-10 20:12:19,508 INFO step=10150/20000 total=3.2827 si_sdr=-0.86 si_sdri=21.93 lr=1.48e-04 |g|=18.253 mem=2.18GB 51ms/step data=0%
2026-08-10 20:12:21,036 INFO step=10175/20000 total=0.6451 si_sdr=0.46 si_sdri=23.24 lr=1.47e-04 |g|=21.196 mem=2.18GB 50ms/step data=0%
2026-08-10 20:12:22,316 INFO step=10200/20000 total=3.7630 si_sdr=-1.16 si_sdri=21.63 lr=1.46e-04 |g|=19.716 mem=2.18GB 51ms/step data=0%
2026-08-10 20:12:23,613 INFO step=10225/20000 total=4.3825 si_sdr=-1.50 si_sdri=21.29 lr=1.46e-04 |g|=21.027 mem=2.18GB 50ms/step data=1%
2026-08-10 20:12:24,614 INFO Dataset 样本统计 [total=7000] present=0 absent=2332 swap=4668
2026-08-10 20:12:24,665 INFO Dataset 样本统计 [total=7000] present=0 absent=2354 swap=4646
2026-08-10 20:12:24,904 INFO step=10250/20000 total=0.5912 si_sdr=0.43 si_sdri=23.21 lr=1.45e-04 |g|=15.366 mem=2.18GB 50ms/step data=0%
2026-08-10 20:12:26,352 INFO step=10275/20000 total=7.6184 si_sdr=-2.98 si_sdri=19.81 lr=1.45e-04 |g|=28.720 mem=2.18GB 52ms/step data=0%
2026-08-10 20:12:27,650 INFO step=10300/20000 total=2.1852 si_sdr=-0.41 si_sdri=22.38 lr=1.44e-04 |g|=22.862 mem=2.18GB 50ms/step data=0%
2026-08-10 20:12:28,227 INFO [ACT LEN FIX] 累计 5000 次 (最近 ratio=160.000)
2026-08-10 20:12:28,484 INFO [ACT LEN FIX] 累计 5000 次 (最近 ratio=177.231)
2026-08-10 20:12:28,938 INFO step=10325/20000 total=4.6223 si_sdr=-1.53 si_sdri=21.26 lr=1.43e-04 |g|=17.156 mem=2.18GB 51ms/step data=0%
2026-08-10 20:12:30,214 INFO step=10350/20000 total=0.9035 si_sdr=0.19 si_sdri=22.98 lr=1.43e-04 |g|=15.049 mem=2.18GB 51ms/step data=0%
2026-08-10 20:12:31,163 INFO Dataset 样本统计 [total=8000] present=0 absent=2667 swap=5333
2026-08-10 20:12:31,222 INFO Dataset 样本统计 [total=8000] present=0 absent=2671 swap=5329
2026-08-10 20:12:31,530 INFO step=10375/20000 total=3.2422 si_sdr=-0.90 si_sdri=21.88 lr=1.42e-04 |g|=25.591 mem=2.18GB 50ms/step data=0%
2026-08-10 20:12:32,870 INFO step=10400/20000 total=2.6490 si_sdr=-0.56 si_sdri=22.23 lr=1.42e-04 |g|=14.678 mem=2.18GB 51ms/step data=0%
2026-08-10 20:12:34,156 INFO step=10425/20000 total=2.3054 si_sdr=-0.34 si_sdri=22.44 lr=1.41e-04 |g|=53.889 mem=2.18GB 50ms/step data=0%
2026-08-10 20:12:35,470 INFO step=10450/20000 total=-0.9075 si_sdr=1.27 si_sdri=24.06 lr=1.41e-04 |g|=19.690 mem=2.18GB 52ms/step data=0%
2026-08-10 20:12:36,746 INFO step=10475/20000 total=0.3148 si_sdr=0.65 si_sdri=23.44 lr=1.40e-04 |g|=21.300 mem=2.18GB 49ms/step data=0%
2026-08-10 20:12:37,933 INFO Dataset 样本统计 [total=9000] present=0 absent=3001 swap=5999
2026-08-10 20:12:37,986 INFO Dataset 样本统计 [total=9000] present=0 absent=3005 swap=5995
2026-08-10 20:12:38,255 INFO step=10500/20000 total=3.6066 si_sdr=-1.16 si_sdri=21.63 lr=1.39e-04 |g|=28.376 mem=2.18GB 50ms/step data=0%
2026-08-10 20:12:38,320 INFO 存 checkpoint: checkpoint_step10500.pt
2026-08-10 20:12:41,929 INFO Dataset 样本统计 [total=61000] present=0 absent=20333 swap=40667
2026-08-10 20:12:43,908 INFO [ACT LEN FIX] 累计 41000 次 (最近 ratio=160.000)
2026-08-10 20:12:45,947 INFO Dataset 样本统计 [total=62000] present=0 absent=20666 swap=41334
2026-08-10 20:12:49,638 INFO [ACT LEN FIX] 累计 42000 次 (最近 ratio=160.000)
2026-08-10 20:12:49,639 INFO Dataset 样本统计 [total=63000] present=0 absent=21000 swap=42000
2026-08-10 20:12:49,663 INFO   dev_loss=3.7094 dev_sisdr=-1.11 dB
2026-08-10 20:12:49,718 INFO [ACT LEN FIX] 累计 6000 次 (最近 ratio=160.000)
2026-08-10 20:12:49,724 INFO [ACT LEN FIX] 累计 6000 次 (最近 ratio=160.000)
2026-08-10 20:12:50,932 INFO step=10525/20000 total=0.7139 si_sdr=0.44 si_sdri=23.23 lr=1.39e-04 |g|=17.026 mem=2.18GB 50ms/step data=0%
2026-08-10 20:12:52,206 INFO step=10550/20000 total=0.3077 si_sdr=0.56 si_sdri=23.35 lr=1.38e-04 |g|=16.413 mem=2.18GB 51ms/step data=0%
2026-08-10 20:12:53,480 INFO step=10575/20000 total=5.5262 si_sdr=-2.01 si_sdri=20.78 lr=1.38e-04 |g|=31.355 mem=2.18GB 50ms/step data=0%
2026-08-10 20:12:54,815 INFO step=10600/20000 total=3.2986 si_sdr=-0.95 si_sdri=21.83 lr=1.37e-04 |g|=26.157 mem=2.18GB 55ms/step data=0%
2026-08-10 20:12:55,799 INFO Dataset 样本统计 [total=10000] present=0 absent=3336 swap=6664
2026-08-10 20:12:55,850 INFO Dataset 样本统计 [total=10000] present=0 absent=3329 swap=6671
2026-08-10 20:12:56,129 INFO step=10625/20000 total=5.3723 si_sdr=-1.92 si_sdri=20.87 lr=1.36e-04 |g|=13.746 mem=2.18GB 50ms/step data=0%
2026-08-10 20:12:57,441 INFO step=10650/20000 total=-1.5077 si_sdr=1.52 si_sdri=24.31 lr=1.36e-04 |g|=23.422 mem=2.18GB 52ms/step data=0%
2026-08-10 20:12:58,740 INFO step=10675/20000 total=3.2571 si_sdr=-0.55 si_sdri=22.24 lr=1.35e-04 |g|=129.729 mem=2.18GB 54ms/step data=0%
2026-08-10 20:12:59,079 INFO [ACT LEN FIX] 累计 7000 次 (最近 ratio=160.000)
2026-08-10 20:12:59,325 INFO [ACT LEN FIX] 累计 7000 次 (最近 ratio=160.000)
2026-08-10 20:13:00,038 INFO step=10700/20000 total=1.2713 si_sdr=0.13 si_sdri=22.92 lr=1.35e-04 |g|=11.189 mem=2.18GB 55ms/step data=1%
2026-08-10 20:13:01,363 INFO step=10725/20000 total=1.3842 si_sdr=-0.02 si_sdri=22.77 lr=1.34e-04 |g|=23.967 mem=2.18GB 52ms/step data=0%
2026-08-10 20:13:02,367 INFO Dataset 样本统计 [total=11000] present=0 absent=3652 swap=7348
2026-08-10 20:13:02,422 INFO Dataset 样本统计 [total=11000] present=0 absent=3652 swap=7348
2026-08-10 20:13:02,659 INFO step=10750/20000 total=5.0252 si_sdr=-1.71 si_sdri=21.07 lr=1.33e-04 |g|=20.365 mem=2.18GB 51ms/step data=0%
2026-08-10 20:13:03,943 INFO step=10775/20000 total=6.4332 si_sdr=-2.52 si_sdri=20.26 lr=1.33e-04 |g|=19.696 mem=2.18GB 50ms/step data=0%
2026-08-10 20:13:05,224 INFO step=10800/20000 total=1.5294 si_sdr=-0.02 si_sdri=22.76 lr=1.32e-04 |g|=19.460 mem=2.18GB 50ms/step data=0%
2026-08-10 20:13:06,592 INFO step=10825/20000 total=0.6288 si_sdr=0.36 si_sdri=23.15 lr=1.32e-04 |g|=14.558 mem=2.18GB 53ms/step data=0%
2026-08-10 20:13:07,869 INFO step=10850/20000 total=5.1049 si_sdr=-1.82 si_sdri=20.96 lr=1.31e-04 |g|=21.804 mem=2.18GB 53ms/step data=0%
2026-08-10 20:13:08,835 INFO Dataset 样本统计 [total=12000] present=0 absent=4000 swap=8000
2026-08-10 20:13:08,878 INFO [ACT LEN FIX] 累计 8000 次 (最近 ratio=160.000)
2026-08-10 20:13:08,885 INFO Dataset 样本统计 [total=12000] present=0 absent=3999 swap=8001
2026-08-10 20:13:09,019 INFO [ACT LEN FIX] 累计 8000 次 (最近 ratio=210.219)
2026-08-10 20:13:09,158 INFO step=10875/20000 total=2.1582 si_sdr=-0.39 si_sdri=22.39 lr=1.31e-04 |g|=23.799 mem=2.18GB 50ms/step data=0%
2026-08-10 20:13:10,451 INFO step=10900/20000 total=3.5462 si_sdr=-0.99 si_sdri=21.80 lr=1.30e-04 |g|=15.959 mem=2.18GB 50ms/step data=0%
2026-08-10 20:13:11,828 INFO step=10925/20000 total=-1.9834 si_sdr=1.70 si_sdri=24.49 lr=1.29e-04 |g|=28.090 mem=2.18GB 63ms/step data=0%
2026-08-10 20:13:13,123 INFO step=10950/20000 total=4.1814 si_sdr=-1.27 si_sdri=21.52 lr=1.29e-04 |g|=18.085 mem=2.18GB 50ms/step data=0%
2026-08-10 20:13:14,397 INFO step=10975/20000 total=0.0825 si_sdr=0.71 si_sdri=23.49 lr=1.28e-04 |g|=26.663 mem=2.18GB 51ms/step data=0%
2026-08-10 20:13:15,384 INFO Dataset 样本统计 [total=13000] present=0 absent=4317 swap=8683
2026-08-10 20:13:15,438 INFO Dataset 样本统计 [total=13000] present=0 absent=4310 swap=8690
2026-08-10 20:13:15,675 INFO step=11000/20000 total=0.4375 si_sdr=0.49 si_sdri=23.27 lr=1.28e-04 |g|=20.537 mem=2.18GB 51ms/step data=0%
2026-08-10 20:13:15,738 INFO 存 checkpoint: checkpoint_step11000.pt
2026-08-10 20:13:19,409 INFO Dataset 样本统计 [total=64000] present=0 absent=21333 swap=42667
2026-08-10 20:13:21,261 INFO [ACT LEN FIX] 累计 43000 次 (最近 ratio=160.000)
2026-08-10 20:13:23,036 INFO Dataset 样本统计 [total=65000] present=0 absent=21666 swap=43334
2026-08-10 20:13:26,612 INFO [ACT LEN FIX] 累计 44000 次 (最近 ratio=160.000)
2026-08-10 20:13:26,613 INFO Dataset 样本统计 [total=66000] present=0 absent=22000 swap=44000
2026-08-10 20:13:26,639 INFO   dev_loss=3.6490 dev_sisdr=-1.10 dB
2026-08-10 20:13:27,919 INFO step=11025/20000 total=3.5250 si_sdr=-1.07 si_sdri=21.72 lr=1.27e-04 |g|=22.241 mem=2.18GB 51ms/step data=0%
2026-08-10 20:13:29,340 INFO step=11050/20000 total=1.7662 si_sdr=-0.20 si_sdri=22.58 lr=1.26e-04 |g|=20.812 mem=2.18GB 51ms/step data=1%
2026-08-10 20:13:29,651 INFO [ACT LEN FIX] 累计 9000 次 (最近 ratio=160.000)
2026-08-10 20:13:30,085 INFO [ACT LEN FIX] 累计 9000 次 (最近 ratio=160.000)
2026-08-10 20:13:30,632 INFO step=11075/20000 total=1.0203 si_sdr=0.20 si_sdri=22.99 lr=1.26e-04 |g|=24.395 mem=2.18GB 53ms/step data=0%
2026-08-10 20:13:31,929 INFO step=11100/20000 total=0.3897 si_sdr=0.58 si_sdri=23.36 lr=1.25e-04 |g|=21.710 mem=2.18GB 52ms/step data=0%
2026-08-10 20:13:32,884 INFO Dataset 样本统计 [total=14000] present=0 absent=4653 swap=9347
2026-08-10 20:13:32,936 INFO Dataset 样本统计 [total=14000] present=0 absent=4659 swap=9341
2026-08-10 20:13:33,209 INFO step=11125/20000 total=0.8202 si_sdr=0.31 si_sdri=23.10 lr=1.25e-04 |g|=21.472 mem=2.18GB 50ms/step data=0%
2026-08-10 20:13:34,502 INFO step=11150/20000 total=-0.1644 si_sdr=0.70 si_sdri=23.49 lr=1.24e-04 |g|=15.695 mem=2.18GB 52ms/step data=0%
2026-08-10 20:13:35,785 INFO step=11175/20000 total=5.0649 si_sdr=-1.83 si_sdri=20.95 lr=1.23e-04 |g|=18.080 mem=2.18GB 51ms/step data=0%
2026-08-10 20:13:37,051 INFO step=11200/20000 total=2.4170 si_sdr=-0.52 si_sdri=22.26 lr=1.23e-04 |g|=24.443 mem=2.18GB 50ms/step data=0%
2026-08-10 20:13:38,346 INFO step=11225/20000 total=-0.0919 si_sdr=0.77 si_sdri=23.56 lr=1.22e-04 |g|=21.549 mem=2.18GB 50ms/step data=0%
2026-08-10 20:13:39,200 INFO [ACT LEN FIX] 累计 10000 次 (最近 ratio=190.728)
2026-08-10 20:13:39,341 INFO Dataset 样本统计 [total=15000] present=0 absent=5000 swap=10000
2026-08-10 20:13:39,750 INFO [ACT LEN FIX] sample-level activity 360 → 57600 (len(mix)), ratio=160.000  [后续将每 1000 次汇总 1 条]
2026-08-10 20:13:39,750 INFO [ACT LEN FIX] sample-level activity 360 → 57600 (len(mix)), ratio=160.000  [后续将每 1000 次汇总 1 条]
2026-08-10 20:13:39,973 INFO step=11250/20000 total=3.3049 si_sdr=-0.95 si_sdri=21.84 lr=1.22e-04 |g|=21.173 mem=2.18GB 387ms/step data=85%
2026-08-10 20:13:41,292 INFO step=11275/20000 total=5.1035 si_sdr=-1.72 si_sdri=21.07 lr=1.21e-04 |g|=30.683 mem=2.18GB 53ms/step data=0%
2026-08-10 20:13:42,574 INFO step=11300/20000 total=-1.6544 si_sdr=1.52 si_sdri=24.31 lr=1.21e-04 |g|=23.873 mem=2.18GB 51ms/step data=0%
2026-08-10 20:13:43,857 INFO step=11325/20000 total=0.8430 si_sdr=0.33 si_sdri=23.11 lr=1.20e-04 |g|=27.617 mem=2.18GB 50ms/step data=0%
2026-08-10 20:13:45,141 INFO step=11350/20000 total=1.7624 si_sdr=-0.17 si_sdri=22.62 lr=1.19e-04 |g|=18.206 mem=2.18GB 51ms/step data=0%
2026-08-10 20:13:46,164 INFO Dataset 样本统计 [total=1000] present=0 absent=333 swap=667
2026-08-10 20:13:46,219 INFO Dataset 样本统计 [total=1000] present=0 absent=342 swap=658
2026-08-10 20:13:46,455 INFO step=11375/20000 total=1.9585 si_sdr=-0.28 si_sdri=22.50 lr=1.19e-04 |g|=35.069 mem=2.18GB 53ms/step data=0%
2026-08-10 20:13:47,765 INFO step=11400/20000 total=2.1217 si_sdr=-0.40 si_sdri=22.39 lr=1.18e-04 |g|=18.946 mem=2.18GB 50ms/step data=0%
2026-08-10 20:13:49,076 INFO step=11425/20000 total=4.2124 si_sdr=-1.46 si_sdri=21.33 lr=1.18e-04 |g|=26.037 mem=2.18GB 51ms/step data=0%
2026-08-10 20:13:49,217 INFO [ACT LEN FIX] 累计 1000 次 (最近 ratio=160.000)
2026-08-10 20:13:49,560 INFO [ACT LEN FIX] 累计 1000 次 (最近 ratio=160.000)
2026-08-10 20:13:50,369 INFO step=11450/20000 total=1.4174 si_sdr=-0.06 si_sdri=22.72 lr=1.17e-04 |g|=26.892 mem=2.18GB 50ms/step data=0%
2026-08-10 20:13:51,664 INFO step=11475/20000 total=1.7931 si_sdr=-0.16 si_sdri=22.63 lr=1.17e-04 |g|=25.418 mem=2.18GB 52ms/step data=0%
2026-08-10 20:13:52,672 INFO Dataset 样本统计 [total=2000] present=0 absent=677 swap=1323
2026-08-10 20:13:52,728 INFO Dataset 样本统计 [total=2000] present=0 absent=688 swap=1312
2026-08-10 20:13:53,002 INFO step=11500/20000 total=3.9663 si_sdr=-1.28 si_sdri=21.50 lr=1.16e-04 |g|=19.374 mem=2.18GB 51ms/step data=0%
2026-08-10 20:13:53,071 INFO 存 checkpoint: checkpoint_step11500.pt
2026-08-10 20:13:56,788 INFO Dataset 样本统计 [total=67000] present=0 absent=22333 swap=44667
2026-08-10 20:13:58,545 INFO [ACT LEN FIX] 累计 45000 次 (最近 ratio=160.000)
2026-08-10 20:14:00,284 INFO Dataset 样本统计 [total=68000] present=0 absent=22666 swap=45334
2026-08-10 20:14:03,843 INFO [ACT LEN FIX] 累计 46000 次 (最近 ratio=160.000)
2026-08-10 20:14:03,844 INFO Dataset 样本统计 [total=69000] present=0 absent=23000 swap=46000
2026-08-10 20:14:03,870 INFO   dev_loss=3.5310 dev_sisdr=-1.06 dB
2026-08-10 20:14:05,198 INFO step=11525/20000 total=3.5996 si_sdr=-1.05 si_sdri=21.73 lr=1.15e-04 |g|=24.777 mem=2.18GB 50ms/step data=0%
2026-08-10 20:14:06,484 INFO step=11550/20000 total=1.4845 si_sdr=0.01 si_sdri=22.80 lr=1.15e-04 |g|=21.468 mem=2.18GB 52ms/step data=0%
2026-08-10 20:14:07,759 INFO step=11575/20000 total=5.1902 si_sdr=-1.87 si_sdri=20.91 lr=1.14e-04 |g|=33.859 mem=2.18GB 49ms/step data=1%
2026-08-10 20:14:09,133 INFO step=11600/20000 total=4.9368 si_sdr=-1.95 si_sdri=20.84 lr=1.14e-04 |g|=11.767 mem=2.18GB 62ms/step data=0%
2026-08-10 20:14:09,858 INFO [ACT LEN FIX] 累计 2000 次 (最近 ratio=193.289)
2026-08-10 20:14:10,260 INFO Dataset 样本统计 [total=3000] present=0 absent=1016 swap=1984
2026-08-10 20:14:10,298 INFO [ACT LEN FIX] 累计 2000 次 (最近 ratio=160.000)
2026-08-10 20:14:10,311 INFO Dataset 样本统计 [total=3000] present=0 absent=1033 swap=1967
2026-08-10 20:14:10,546 INFO step=11625/20000 total=1.2801 si_sdr=0.02 si_sdri=22.81 lr=1.13e-04 |g|=20.667 mem=2.18GB 49ms/step data=0%
2026-08-10 20:14:11,834 INFO step=11650/20000 total=1.7886 si_sdr=-0.11 si_sdri=22.68 lr=1.13e-04 |g|=19.902 mem=2.18GB 49ms/step data=0%
2026-08-10 20:14:13,118 INFO step=11675/20000 total=1.4520 si_sdr=-0.10 si_sdri=22.69 lr=1.12e-04 |g|=34.978 mem=2.18GB 51ms/step data=0%
2026-08-10 20:14:14,413 INFO step=11700/20000 total=4.3579 si_sdr=-1.39 si_sdri=21.40 lr=1.11e-04 |g|=43.680 mem=2.18GB 54ms/step data=1%
2026-08-10 20:14:15,747 INFO step=11725/20000 total=2.1564 si_sdr=-0.28 si_sdri=22.51 lr=1.11e-04 |g|=22.195 mem=2.18GB 51ms/step data=0%
2026-08-10 20:14:16,723 INFO Dataset 样本统计 [total=4000] present=0 absent=1357 swap=2643
2026-08-10 20:14:16,779 INFO Dataset 样本统计 [total=4000] present=0 absent=1369 swap=2631
2026-08-10 20:14:17,055 INFO step=11750/20000 total=1.4731 si_sdr=-0.06 si_sdri=22.73 lr=1.10e-04 |g|=21.615 mem=2.18GB 51ms/step data=0%
2026-08-10 20:14:18,350 INFO step=11775/20000 total=-1.8814 si_sdr=1.62 si_sdri=24.41 lr=1.10e-04 |g|=18.609 mem=2.18GB 49ms/step data=1%
2026-08-10 20:14:19,595 INFO [ACT LEN FIX] 累计 3000 次 (最近 ratio=160.000)
2026-08-10 20:14:19,636 INFO step=11800/20000 total=-0.6071 si_sdr=0.95 si_sdri=23.74 lr=1.09e-04 |g|=24.520 mem=2.18GB 52ms/step data=1%
2026-08-10 20:14:19,982 INFO [ACT LEN FIX] 累计 3000 次 (最近 ratio=160.000)
2026-08-10 20:14:20,972 INFO step=11825/20000 total=0.8338 si_sdr=0.23 si_sdri=23.01 lr=1.09e-04 |g|=18.413 mem=2.18GB 53ms/step data=1%
2026-08-10 20:14:22,266 INFO step=11850/20000 total=1.9345 si_sdr=-0.26 si_sdri=22.53 lr=1.08e-04 |g|=16.836 mem=2.18GB 55ms/step data=0%
2026-08-10 20:14:23,248 INFO Dataset 样本统计 [total=5000] present=0 absent=1674 swap=3326
2026-08-10 20:14:23,297 INFO Dataset 样本统计 [total=5000] present=0 absent=1703 swap=3297
2026-08-10 20:14:23,529 INFO step=11875/20000 total=5.1337 si_sdr=-1.88 si_sdri=20.90 lr=1.07e-04 |g|=17.374 mem=2.18GB 49ms/step data=0%
2026-08-10 20:14:24,798 INFO step=11900/20000 total=2.5950 si_sdr=-0.52 si_sdri=22.27 lr=1.07e-04 |g|=23.299 mem=2.18GB 49ms/step data=0%
2026-08-10 20:14:26,194 INFO step=11925/20000 total=-1.5512 si_sdr=1.51 si_sdri=24.30 lr=1.06e-04 |g|=23.091 mem=2.18GB 51ms/step data=0%
2026-08-10 20:14:27,502 INFO step=11950/20000 total=5.8060 si_sdr=-2.20 si_sdri=20.58 lr=1.06e-04 |g|=21.386 mem=2.18GB 49ms/step data=0%
2026-08-10 20:14:28,857 INFO step=11975/20000 total=5.0667 si_sdr=-1.84 si_sdri=20.95 lr=1.05e-04 |g|=22.469 mem=2.18GB 53ms/step data=0%
2026-08-10 20:14:29,764 INFO [ACT LEN FIX] 累计 4000 次 (最近 ratio=160.000)
2026-08-10 20:14:29,872 INFO Dataset 样本统计 [total=6000] present=0 absent=1995 swap=4005
2026-08-10 20:14:29,919 INFO [ACT LEN FIX] 累计 4000 次 (最近 ratio=160.000)
2026-08-10 20:14:29,920 INFO Dataset 样本统计 [total=6000] present=0 absent=2040 swap=3960
2026-08-10 20:14:30,193 INFO step=12000/20000 total=2.6175 si_sdr=-0.59 si_sdri=22.20 lr=1.05e-04 |g|=31.429 mem=2.18GB 49ms/step data=0%
2026-08-10 20:14:30,257 INFO 存 checkpoint: checkpoint_step12000.pt
2026-08-10 20:14:33,760 INFO Dataset 样本统计 [total=70000] present=0 absent=23333 swap=46667
2026-08-10 20:14:35,560 INFO [ACT LEN FIX] 累计 47000 次 (最近 ratio=160.000)
2026-08-10 20:14:37,455 INFO Dataset 样本统计 [total=71000] present=0 absent=23666 swap=47334
2026-08-10 20:14:41,014 INFO [ACT LEN FIX] 累计 48000 次 (最近 ratio=160.000)
2026-08-10 20:14:41,014 INFO Dataset 样本统计 [total=72000] present=0 absent=24000 swap=48000
2026-08-10 20:14:41,039 INFO   dev_loss=3.4697 dev_sisdr=-1.04 dB
2026-08-10 20:14:42,316 INFO step=12025/20000 total=0.6166 si_sdr=0.41 si_sdri=23.20 lr=1.04e-04 |g|=37.964 mem=2.18GB 51ms/step data=0%
2026-08-10 20:14:43,675 INFO step=12050/20000 total=1.4611 si_sdr=-0.11 si_sdri=22.67 lr=1.03e-04 |g|=25.757 mem=2.18GB 52ms/step data=0%
2026-08-10 20:14:45,020 INFO step=12075/20000 total=2.2922 si_sdr=-0.48 si_sdri=22.31 lr=1.03e-04 |g|=81.252 mem=2.18GB 54ms/step data=0%
2026-08-10 20:14:46,312 INFO step=12100/20000 total=1.0772 si_sdr=0.11 si_sdri=22.89 lr=1.02e-04 |g|=21.276 mem=2.18GB 50ms/step data=0%
2026-08-10 20:14:47,303 INFO Dataset 样本统计 [total=7000] present=0 absent=2305 swap=4695
2026-08-10 20:14:47,352 INFO Dataset 样本统计 [total=7000] present=0 absent=2362 swap=4638
2026-08-10 20:14:47,590 INFO step=12125/20000 total=4.2613 si_sdr=-1.42 si_sdri=21.36 lr=1.02e-04 |g|=24.810 mem=2.18GB 52ms/step data=0%
2026-08-10 20:14:48,901 INFO step=12150/20000 total=1.4987 si_sdr=-0.02 si_sdri=22.77 lr=1.01e-04 |g|=17.895 mem=2.18GB 50ms/step data=0%
2026-08-10 20:14:50,303 INFO step=12175/20000 total=2.3295 si_sdr=-0.44 si_sdri=22.34 lr=1.01e-04 |g|=33.921 mem=2.18GB 53ms/step data=0%
2026-08-10 20:14:50,722 INFO [ACT LEN FIX] 累计 5000 次 (最近 ratio=160.000)
2026-08-10 20:14:50,885 INFO [ACT LEN FIX] 累计 5000 次 (最近 ratio=160.000)
2026-08-10 20:14:51,579 INFO step=12200/20000 total=0.6057 si_sdr=0.31 si_sdri=23.10 lr=1.00e-04 |g|=14.617 mem=2.18GB 50ms/step data=0%
2026-08-10 20:14:52,871 INFO step=12225/20000 total=3.2904 si_sdr=-1.01 si_sdri=21.78 lr=9.95e-05 |g|=18.678 mem=2.18GB 51ms/step data=0%
2026-08-10 20:14:53,831 INFO Dataset 样本统计 [total=8000] present=0 absent=2628 swap=5372
2026-08-10 20:14:53,882 INFO Dataset 样本统计 [total=8000] present=0 absent=2693 swap=5307
2026-08-10 20:14:54,157 INFO step=12250/20000 total=3.9450 si_sdr=-1.27 si_sdri=21.51 lr=9.89e-05 |g|=22.551 mem=2.18GB 50ms/step data=0%
2026-08-10 20:14:55,453 INFO step=12275/20000 total=1.4747 si_sdr=-0.08 si_sdri=22.71 lr=9.84e-05 |g|=16.876 mem=2.18GB 53ms/step data=1%
2026-08-10 20:14:56,916 INFO step=12300/20000 total=4.8648 si_sdr=-1.70 si_sdri=21.09 lr=9.78e-05 |g|=32.295 mem=2.18GB 49ms/step data=0%
2026-08-10 20:14:58,210 INFO step=12325/20000 total=1.6321 si_sdr=-0.20 si_sdri=22.59 lr=9.73e-05 |g|=21.475 mem=2.18GB 50ms/step data=0%
2026-08-10 20:14:59,535 INFO step=12350/20000 total=2.8072 si_sdr=-0.70 si_sdri=22.08 lr=9.67e-05 |g|=18.179 mem=2.18GB 53ms/step data=0%
2026-08-10 20:15:00,524 INFO [ACT LEN FIX] 累计 6000 次 (最近 ratio=160.000)
2026-08-10 20:15:00,533 INFO Dataset 样本统计 [total=9000] present=0 absent=2975 swap=6025
2026-08-10 20:15:00,590 INFO Dataset 样本统计 [total=9000] present=0 absent=3033 swap=5967
2026-08-10 20:15:00,798 INFO [ACT LEN FIX] 累计 6000 次 (最近 ratio=160.000)
2026-08-10 20:15:00,828 INFO step=12375/20000 total=5.6415 si_sdr=-2.10 si_sdri=20.69 lr=9.62e-05 |g|=19.853 mem=2.18GB 51ms/step data=0%
2026-08-10 20:15:02,145 INFO step=12400/20000 total=3.0373 si_sdr=-0.78 si_sdri=22.01 lr=9.56e-05 |g|=20.187 mem=2.18GB 51ms/step data=0%
2026-08-10 20:15:03,536 INFO step=12425/20000 total=-1.7668 si_sdr=1.57 si_sdri=24.35 lr=9.51e-05 |g|=27.273 mem=2.18GB 62ms/step data=1%
2026-08-10 20:15:04,916 INFO step=12450/20000 total=6.5714 si_sdr=-2.50 si_sdri=20.29 lr=9.45e-05 |g|=21.066 mem=2.18GB 51ms/step data=0%
2026-08-10 20:15:06,206 INFO step=12475/20000 total=3.2154 si_sdr=-0.97 si_sdri=21.82 lr=9.40e-05 |g|=42.498 mem=2.18GB 52ms/step data=0%
2026-08-10 20:15:07,314 INFO Dataset 样本统计 [total=10000] present=0 absent=3296 swap=6704
2026-08-10 20:15:07,371 INFO Dataset 样本统计 [total=10000] present=0 absent=3356 swap=6644
2026-08-10 20:15:07,651 INFO step=12500/20000 total=-3.9638 si_sdr=2.66 si_sdri=25.44 lr=9.34e-05 |g|=24.150 mem=2.18GB 50ms/step data=0%
2026-08-10 20:15:07,713 INFO 存 checkpoint: checkpoint_step12500.pt
2026-08-10 20:15:11,210 INFO Dataset 样本统计 [total=73000] present=0 absent=24333 swap=48667
2026-08-10 20:15:13,061 INFO [ACT LEN FIX] 累计 49000 次 (最近 ratio=160.000)
2026-08-10 20:15:14,896 INFO Dataset 样本统计 [total=74000] present=0 absent=24666 swap=49334
2026-08-10 20:15:18,512 INFO [ACT LEN FIX] 累计 50000 次 (最近 ratio=160.000)
2026-08-10 20:15:18,513 INFO Dataset 样本统计 [total=75000] present=0 absent=25000 swap=50000
2026-08-10 20:15:18,538 INFO   dev_loss=3.4647 dev_sisdr=-1.04 dB
2026-08-10 20:15:19,835 INFO step=12525/20000 total=-0.3660 si_sdr=0.85 si_sdri=23.64 lr=9.29e-05 |g|=22.485 mem=2.18GB 50ms/step data=0%
2026-08-10 20:15:21,130 INFO step=12550/20000 total=2.0703 si_sdr=-0.31 si_sdri=22.48 lr=9.23e-05 |g|=23.565 mem=2.18GB 53ms/step data=0%
2026-08-10 20:15:21,197 INFO [ACT LEN FIX] 累计 7000 次 (最近 ratio=160.000)
2026-08-10 20:15:21,650 INFO [ACT LEN FIX] 累计 7000 次 (最近 ratio=160.000)
2026-08-10 20:15:22,414 INFO step=12575/20000 total=2.3519 si_sdr=-0.50 si_sdri=22.28 lr=9.18e-05 |g|=26.691 mem=2.18GB 51ms/step data=0%
2026-08-10 20:15:23,725 INFO step=12600/20000 total=1.6392 si_sdr=-0.16 si_sdri=22.63 lr=9.12e-05 |g|=27.106 mem=2.18GB 53ms/step data=1%
2026-08-10 20:15:24,739 INFO Dataset 样本统计 [total=11000] present=0 absent=3623 swap=7377
2026-08-10 20:15:24,789 INFO Dataset 样本统计 [total=11000] present=0 absent=3690 swap=7310
2026-08-10 20:15:25,028 INFO step=12625/20000 total=2.5026 si_sdr=-0.66 si_sdri=22.13 lr=9.07e-05 |g|=15.279 mem=2.18GB 53ms/step data=0%
2026-08-10 20:15:26,332 INFO step=12650/20000 total=4.6008 si_sdr=-1.63 si_sdri=21.16 lr=9.01e-05 |g|=23.710 mem=2.18GB 51ms/step data=0%
2026-08-10 20:15:27,751 INFO step=12675/20000 total=1.0252 si_sdr=0.18 si_sdri=22.97 lr=8.96e-05 |g|=18.109 mem=2.18GB 50ms/step data=1%
2026-08-10 20:15:29,039 INFO step=12700/20000 total=2.7645 si_sdr=-0.67 si_sdri=22.11 lr=8.91e-05 |g|=24.958 mem=2.18GB 50ms/step data=0%
2026-08-10 20:15:30,584 INFO step=12725/20000 total=2.0457 si_sdr=-0.43 si_sdri=22.35 lr=8.85e-05 |g|=24.256 mem=2.18GB 52ms/step data=0%
2026-08-10 20:15:31,431 INFO [ACT LEN FIX] 累计 8000 次 (最近 ratio=160.000)
2026-08-10 20:15:31,551 INFO Dataset 样本统计 [total=12000] present=0 absent=3964 swap=8036
2026-08-10 20:15:31,600 INFO Dataset 样本统计 [total=12000] present=0 absent=4032 swap=7968
2026-08-10 20:15:31,779 INFO [ACT LEN FIX] 累计 8000 次 (最近 ratio=160.000)
2026-08-10 20:15:31,878 INFO step=12750/20000 total=3.3922 si_sdr=-1.12 si_sdri=21.67 lr=8.80e-05 |g|=24.219 mem=2.18GB 51ms/step data=0%
2026-08-10 20:15:33,167 INFO step=12775/20000 total=3.4533 si_sdr=-1.02 si_sdri=21.77 lr=8.74e-05 |g|=26.406 mem=2.18GB 51ms/step data=0%
2026-08-10 20:15:34,453 INFO step=12800/20000 total=1.3362 si_sdr=-0.02 si_sdri=22.77 lr=8.69e-05 |g|=31.943 mem=2.18GB 50ms/step data=1%
2026-08-10 20:15:35,788 INFO step=12825/20000 total=4.5957 si_sdr=-1.63 si_sdri=21.16 lr=8.64e-05 |g|=21.536 mem=2.18GB 52ms/step data=0%
2026-08-10 20:15:37,210 INFO step=12850/20000 total=2.2042 si_sdr=-0.38 si_sdri=22.40 lr=8.58e-05 |g|=22.691 mem=2.18GB 49ms/step data=1%
2026-08-10 20:15:38,404 INFO Dataset 样本统计 [total=13000] present=0 absent=4301 swap=8699
2026-08-10 20:15:38,463 INFO Dataset 样本统计 [total=13000] present=0 absent=4337 swap=8663
2026-08-10 20:15:38,770 INFO step=12875/20000 total=2.0956 si_sdr=-0.35 si_sdri=22.44 lr=8.53e-05 |g|=32.359 mem=2.18GB 71ms/step data=0%
2026-08-10 20:15:40,220 INFO step=12900/20000 total=1.7844 si_sdr=-0.17 si_sdri=22.62 lr=8.48e-05 |g|=22.988 mem=2.18GB 49ms/step data=0%
2026-08-10 20:15:41,868 INFO step=12925/20000 total=2.5094 si_sdr=-0.60 si_sdri=22.19 lr=8.42e-05 |g|=21.249 mem=2.18GB 63ms/step data=0%
2026-08-10 20:15:42,319 INFO [ACT LEN FIX] 累计 9000 次 (最近 ratio=160.000)
2026-08-10 20:15:42,360 INFO [ACT LEN FIX] 累计 9000 次 (最近 ratio=160.000)
2026-08-10 20:15:43,174 INFO step=12950/20000 total=0.2988 si_sdr=0.62 si_sdri=23.41 lr=8.37e-05 |g|=18.386 mem=2.18GB 50ms/step data=1%
2026-08-10 20:15:44,450 INFO step=12975/20000 total=1.6602 si_sdr=-0.09 si_sdri=22.69 lr=8.32e-05 |g|=28.110 mem=2.18GB 49ms/step data=0%
2026-08-10 20:15:45,410 INFO Dataset 样本统计 [total=14000] present=0 absent=4648 swap=9352
2026-08-10 20:15:45,463 INFO Dataset 样本统计 [total=14000] present=0 absent=4672 swap=9328
2026-08-10 20:15:45,738 INFO step=13000/20000 total=2.1594 si_sdr=-0.45 si_sdri=22.33 lr=8.26e-05 |g|=14.428 mem=2.18GB 51ms/step data=0%
2026-08-10 20:15:45,800 INFO 存 checkpoint: checkpoint_step13000.pt
2026-08-10 20:15:49,390 INFO Dataset 样本统计 [total=76000] present=0 absent=25333 swap=50667
2026-08-10 20:15:51,166 INFO [ACT LEN FIX] 累计 51000 次 (最近 ratio=160.000)
2026-08-10 20:15:52,930 INFO Dataset 样本统计 [total=77000] present=0 absent=25666 swap=51334
2026-08-10 20:15:56,445 INFO [ACT LEN FIX] 累计 52000 次 (最近 ratio=160.000)
2026-08-10 20:15:56,446 INFO Dataset 样本统计 [total=78000] present=0 absent=26000 swap=52000
2026-08-10 20:15:56,470 INFO   dev_loss=3.4757 dev_sisdr=-1.06 dB
2026-08-10 20:15:57,739 INFO step=13025/20000 total=0.0276 si_sdr=0.62 si_sdri=23.40 lr=8.21e-05 |g|=28.637 mem=2.18GB 49ms/step data=0%
2026-08-10 20:15:59,248 INFO step=13050/20000 total=2.6049 si_sdr=-0.67 si_sdri=22.12 lr=8.16e-05 |g|=17.482 mem=2.18GB 65ms/step data=0%
2026-08-10 20:16:00,576 INFO step=13075/20000 total=2.6431 si_sdr=-0.68 si_sdri=22.10 lr=8.11e-05 |g|=19.967 mem=2.18GB 49ms/step data=0%
2026-08-10 20:16:01,851 INFO step=13100/20000 total=-0.5285 si_sdr=0.91 si_sdri=23.70 lr=8.05e-05 |g|=27.097 mem=2.18GB 49ms/step data=0%
2026-08-10 20:16:02,630 INFO [ACT LEN FIX] 累计 10000 次 (最近 ratio=160.000)
2026-08-10 20:16:02,830 INFO Dataset 样本统计 [total=15000] present=0 absent=4978 swap=10022
2026-08-10 20:16:03,237 INFO [ACT LEN FIX] sample-level activity 360 → 57600 (len(mix)), ratio=160.000  [后续将每 1000 次汇总 1 条]
2026-08-10 20:16:03,244 INFO [ACT LEN FIX] sample-level activity 360 → 57600 (len(mix)), ratio=160.000  [后续将每 1000 次汇总 1 条]
2026-08-10 20:16:03,473 INFO step=13125/20000 total=-0.9101 si_sdr=1.22 si_sdri=24.01 lr=8.00e-05 |g|=21.645 mem=2.18GB 406ms/step data=83%
2026-08-10 20:16:04,962 INFO step=13150/20000 total=2.5857 si_sdr=-0.49 si_sdri=22.29 lr=7.95e-05 |g|=20.878 mem=2.18GB 63ms/step data=0%
2026-08-10 20:16:06,333 INFO step=13175/20000 total=-1.8176 si_sdr=1.56 si_sdri=24.35 lr=7.90e-05 |g|=25.629 mem=2.18GB 50ms/step data=0%
2026-08-10 20:16:07,594 INFO step=13200/20000 total=0.9907 si_sdr=0.21 si_sdri=23.00 lr=7.84e-05 |g|=29.514 mem=2.18GB 49ms/step data=0%
2026-08-10 20:16:08,833 INFO step=13225/20000 total=0.1273 si_sdr=0.61 si_sdri=23.39 lr=7.79e-05 |g|=22.780 mem=2.18GB 48ms/step data=0%
2026-08-10 20:16:09,807 INFO Dataset 样本统计 [total=1000] present=0 absent=340 swap=660
2026-08-10 20:16:09,860 INFO Dataset 样本统计 [total=1000] present=0 absent=323 swap=677
2026-08-10 20:16:10,096 INFO step=13250/20000 total=-0.4766 si_sdr=0.94 si_sdri=23.73 lr=7.74e-05 |g|=25.941 mem=2.18GB 49ms/step data=0%
2026-08-10 20:16:11,382 INFO step=13275/20000 total=2.4148 si_sdr=-0.51 si_sdri=22.28 lr=7.69e-05 |g|=22.586 mem=2.18GB 49ms/step data=0%
2026-08-10 20:16:12,673 INFO step=13300/20000 total=0.6463 si_sdr=0.26 si_sdri=23.05 lr=7.64e-05 |g|=29.926 mem=2.18GB 53ms/step data=0%
2026-08-10 20:16:12,811 INFO [ACT LEN FIX] 累计 1000 次 (最近 ratio=184.615)
2026-08-10 20:16:13,512 INFO [ACT LEN FIX] 累计 1000 次 (最近 ratio=160.000)
2026-08-10 20:16:14,032 INFO step=13325/20000 total=0.3240 si_sdr=0.48 si_sdri=23.27 lr=7.59e-05 |g|=21.072 mem=2.18GB 51ms/step data=0%
2026-08-10 20:16:15,299 INFO step=13350/20000 total=1.8617 si_sdr=-0.25 si_sdri=22.54 lr=7.53e-05 |g|=17.906 mem=2.18GB 50ms/step data=0%
2026-08-10 20:16:16,236 INFO Dataset 样本统计 [total=2000] present=0 absent=660 swap=1340
2026-08-10 20:16:16,285 INFO Dataset 样本统计 [total=2000] present=0 absent=637 swap=1363
2026-08-10 20:16:16,552 INFO step=13375/20000 total=3.3713 si_sdr=-0.99 si_sdri=21.80 lr=7.48e-05 |g|=21.617 mem=2.18GB 49ms/step data=1%
2026-08-10 20:16:17,805 INFO step=13400/20000 total=3.1388 si_sdr=-0.95 si_sdri=21.84 lr=7.43e-05 |g|=30.893 mem=2.18GB 49ms/step data=0%
2026-08-10 20:16:19,088 INFO step=13425/20000 total=0.6301 si_sdr=0.44 si_sdri=23.22 lr=7.38e-05 |g|=18.592 mem=2.18GB 50ms/step data=0%
2026-08-10 20:16:20,385 INFO step=13450/20000 total=2.4571 si_sdr=-0.54 si_sdri=22.24 lr=7.33e-05 |g|=17.632 mem=2.18GB 51ms/step data=0%
2026-08-10 20:16:21,650 INFO step=13475/20000 total=2.1987 si_sdr=-0.46 si_sdri=22.33 lr=7.28e-05 |g|=12.152 mem=2.18GB 50ms/step data=1%
2026-08-10 20:16:22,391 INFO [ACT LEN FIX] 累计 2000 次 (最近 ratio=160.000)
2026-08-10 20:16:22,696 INFO Dataset 样本统计 [total=3000] present=0 absent=991 swap=2009
2026-08-10 20:16:22,745 INFO Dataset 样本统计 [total=3000] present=0 absent=983 swap=2017
2026-08-10 20:16:22,933 INFO [ACT LEN FIX] 累计 2000 次 (最近 ratio=160.000)
2026-08-10 20:16:22,982 INFO step=13500/20000 total=4.1457 si_sdr=-1.28 si_sdri=21.51 lr=7.23e-05 |g|=14.221 mem=2.18GB 51ms/step data=1%
2026-08-10 20:16:23,050 INFO 存 checkpoint: checkpoint_step13500.pt
2026-08-10 20:16:26,722 INFO Dataset 样本统计 [total=79000] present=0 absent=26333 swap=52667
2026-08-10 20:16:28,496 INFO [ACT LEN FIX] 累计 53000 次 (最近 ratio=160.000)
2026-08-10 20:16:30,299 INFO Dataset 样本统计 [total=80000] present=0 absent=26666 swap=53334
2026-08-10 20:16:33,932 INFO [ACT LEN FIX] 累计 54000 次 (最近 ratio=160.000)
2026-08-10 20:16:33,933 INFO Dataset 样本统计 [total=81000] present=0 absent=27000 swap=54000
2026-08-10 20:16:33,959 INFO   dev_loss=3.4289 dev_sisdr=-1.04 dB
2026-08-10 20:16:35,242 INFO step=13525/20000 total=3.4202 si_sdr=-0.97 si_sdri=21.82 lr=7.18e-05 |g|=18.890 mem=2.18GB 49ms/step data=0%
2026-08-10 20:16:36,524 INFO step=13550/20000 total=1.1482 si_sdr=0.15 si_sdri=22.94 lr=7.13e-05 |g|=25.345 mem=2.18GB 48ms/step data=0%
2026-08-10 20:16:37,788 INFO step=13575/20000 total=3.6132 si_sdr=-1.11 si_sdri=21.68 lr=7.08e-05 |g|=25.882 mem=2.18GB 48ms/step data=1%
2026-08-10 20:16:39,047 INFO step=13600/20000 total=3.8062 si_sdr=-1.28 si_sdri=21.51 lr=7.03e-05 |g|=27.755 mem=2.18GB 50ms/step data=0%
2026-08-10 20:16:40,033 INFO Dataset 样本统计 [total=4000] present=0 absent=1345 swap=2655
2026-08-10 20:16:40,087 INFO Dataset 样本统计 [total=4000] present=0 absent=1318 swap=2682
2026-08-10 20:16:40,371 INFO step=13625/20000 total=3.7707 si_sdr=-1.13 si_sdri=21.66 lr=6.98e-05 |g|=19.188 mem=2.18GB 56ms/step data=0%
2026-08-10 20:16:41,658 INFO step=13650/20000 total=6.0049 si_sdr=-2.34 si_sdri=20.44 lr=6.93e-05 |g|=14.783 mem=2.18GB 50ms/step data=0%
2026-08-10 20:16:42,793 INFO [ACT LEN FIX] 累计 3000 次 (最近 ratio=160.000)
2026-08-10 20:16:42,936 INFO step=13675/20000 total=4.9557 si_sdr=-1.75 si_sdri=21.04 lr=6.88e-05 |g|=21.418 mem=2.18GB 49ms/step data=0%
2026-08-10 20:16:43,174 INFO [ACT LEN FIX] 累计 3000 次 (最近 ratio=160.000)
2026-08-10 20:16:44,215 INFO step=13700/20000 total=2.8894 si_sdr=-0.85 si_sdri=21.94 lr=6.83e-05 |g|=19.456 mem=2.18GB 51ms/step data=0%
2026-08-10 20:16:45,500 INFO step=13725/20000 total=2.4092 si_sdr=-0.52 si_sdri=22.27 lr=6.78e-05 |g|=21.732 mem=2.18GB 50ms/step data=1%
2026-08-10 20:16:46,494 INFO Dataset 样本统计 [total=5000] present=0 absent=1680 swap=3320
2026-08-10 20:16:46,541 INFO Dataset 样本统计 [total=5000] present=0 absent=1666 swap=3334
2026-08-10 20:16:46,779 INFO step=13750/20000 total=0.6748 si_sdr=0.30 si_sdri=23.09 lr=6.73e-05 |g|=25.943 mem=2.18GB 50ms/step data=0%
2026-08-10 20:16:48,177 INFO step=13775/20000 total=2.0691 si_sdr=-0.39 si_sdri=22.40 lr=6.68e-05 |g|=38.266 mem=2.18GB 64ms/step data=1%
2026-08-10 20:16:49,508 INFO step=13800/20000 total=2.0629 si_sdr=-0.30 si_sdri=22.48 lr=6.63e-05 |g|=16.853 mem=2.18GB 50ms/step data=0%
2026-08-10 20:16:50,786 INFO step=13825/20000 total=-2.1861 si_sdr=1.74 si_sdri=24.53 lr=6.58e-05 |g|=22.620 mem=2.18GB 50ms/step data=0%
2026-08-10 20:16:52,097 INFO step=13850/20000 total=-1.3572 si_sdr=1.28 si_sdri=24.07 lr=6.53e-05 |g|=23.719 mem=2.18GB 52ms/step data=0%
2026-08-10 20:16:52,722 INFO [ACT LEN FIX] 累计 4000 次 (最近 ratio=160.000)
2026-08-10 20:16:52,996 INFO [ACT LEN FIX] 累计 4000 次 (最近 ratio=160.000)
2026-08-10 20:16:53,061 INFO Dataset 样本统计 [total=6000] present=0 absent=2016 swap=3984
2026-08-10 20:16:53,115 INFO Dataset 样本统计 [total=6000] present=0 absent=2011 swap=3989
2026-08-10 20:16:53,396 INFO step=13875/20000 total=0.1577 si_sdr=0.56 si_sdri=23.34 lr=6.48e-05 |g|=16.485 mem=2.18GB 53ms/step data=0%
2026-08-10 20:16:54,675 INFO step=13900/20000 total=3.3117 si_sdr=-1.02 si_sdri=21.77 lr=6.43e-05 |g|=25.348 mem=2.18GB 50ms/step data=0%
2026-08-10 20:16:55,941 INFO step=13925/20000 total=-0.5210 si_sdr=0.95 si_sdri=23.73 lr=6.39e-05 |g|=37.459 mem=2.18GB 50ms/step data=0%
2026-08-10 20:16:57,197 INFO step=13950/20000 total=0.0668 si_sdr=0.65 si_sdri=23.44 lr=6.34e-05 |g|=19.834 mem=2.18GB 49ms/step data=0%
2026-08-10 20:16:58,470 INFO step=13975/20000 total=-1.0940 si_sdr=1.25 si_sdri=24.04 lr=6.29e-05 |g|=22.221 mem=2.18GB 49ms/step data=0%
2026-08-10 20:16:59,457 INFO Dataset 样本统计 [total=7000] present=0 absent=2356 swap=4644
2026-08-10 20:16:59,510 INFO Dataset 样本统计 [total=7000] present=0 absent=2344 swap=4656
2026-08-10 20:16:59,750 INFO step=14000/20000 total=4.9317 si_sdr=-1.81 si_sdri=20.97 lr=6.24e-05 |g|=16.658 mem=2.18GB 53ms/step data=0%
2026-08-10 20:16:59,813 INFO 存 checkpoint: checkpoint_step14000.pt
2026-08-10 20:17:03,388 INFO Dataset 样本统计 [total=82000] present=0 absent=27333 swap=54667
2026-08-10 20:17:05,160 INFO [ACT LEN FIX] 累计 55000 次 (最近 ratio=160.000)
2026-08-10 20:17:06,906 INFO Dataset 样本统计 [total=83000] present=0 absent=27666 swap=55334
2026-08-10 20:17:10,446 INFO [ACT LEN FIX] 累计 56000 次 (最近 ratio=160.000)
2026-08-10 20:17:10,446 INFO Dataset 样本统计 [total=84000] present=0 absent=28000 swap=56000
2026-08-10 20:17:10,471 INFO   dev_loss=3.2755 dev_sisdr=-0.97 dB
2026-08-10 20:17:11,742 INFO step=14025/20000 total=1.0302 si_sdr=0.16 si_sdri=22.95 lr=6.19e-05 |g|=17.613 mem=2.18GB 50ms/step data=0%
2026-08-10 20:17:12,736 INFO [ACT LEN FIX] 累计 5000 次 (最近 ratio=160.000)
2026-08-10 20:17:13,023 INFO step=14050/20000 total=2.4323 si_sdr=-0.57 si_sdri=22.22 lr=6.14e-05 |g|=16.717 mem=2.18GB 51ms/step data=1%
2026-08-10 20:17:13,303 INFO [ACT LEN FIX] 累计 5000 次 (最近 ratio=160.000)
2026-08-10 20:17:14,317 INFO step=14075/20000 total=1.5082 si_sdr=-0.06 si_sdri=22.72 lr=6.10e-05 |g|=32.494 mem=2.18GB 54ms/step data=0%
2026-08-10 20:17:15,632 INFO step=14100/20000 total=1.4957 si_sdr=-0.01 si_sdri=22.78 lr=6.05e-05 |g|=23.617 mem=2.18GB 54ms/step data=0%
2026-08-10 20:17:16,581 INFO Dataset 样本统计 [total=8000] present=0 absent=2702 swap=5298
2026-08-10 20:17:16,632 INFO Dataset 样本统计 [total=8000] present=0 absent=2664 swap=5336
2026-08-10 20:17:16,898 INFO step=14125/20000 total=3.9764 si_sdr=-1.35 si_sdri=21.44 lr=6.00e-05 |g|=21.661 mem=2.18GB 49ms/step data=0%
2026-08-10 20:17:18,186 INFO step=14150/20000 total=-0.3542 si_sdr=0.78 si_sdri=23.57 lr=5.95e-05 |g|=28.126 mem=2.18GB 49ms/step data=0%
2026-08-10 20:17:19,464 INFO step=14175/20000 total=4.0857 si_sdr=-1.39 si_sdri=21.39 lr=5.91e-05 |g|=21.300 mem=2.18GB 50ms/step data=0%
2026-08-10 20:17:20,754 INFO step=14200/20000 total=-0.7434 si_sdr=1.06 si_sdri=23.85 lr=5.86e-05 |g|=28.514 mem=2.18GB 50ms/step data=0%
2026-08-10 20:17:22,054 INFO step=14225/20000 total=-0.9784 si_sdr=1.10 si_sdri=23.89 lr=5.81e-05 |g|=15.861 mem=2.18GB 50ms/step data=0%
2026-08-10 20:17:22,834 INFO [ACT LEN FIX] 累计 6000 次 (最近 ratio=160.000)
2026-08-10 20:17:23,133 INFO [ACT LEN FIX] 累计 6000 次 (最近 ratio=160.000)
2026-08-10 20:17:23,200 INFO Dataset 样本统计 [total=9000] present=0 absent=3014 swap=5986
2026-08-10 20:17:23,259 INFO Dataset 样本统计 [total=9000] present=0 absent=2992 swap=6008
2026-08-10 20:17:23,516 INFO step=14250/20000 total=-0.1058 si_sdr=0.73 si_sdri=23.51 lr=5.77e-05 |g|=26.449 mem=2.18GB 52ms/step data=0%
2026-08-10 20:17:24,803 INFO step=14275/20000 total=0.1157 si_sdr=0.64 si_sdri=23.42 lr=5.72e-05 |g|=21.922 mem=2.18GB 49ms/step data=0%
2026-08-10 20:17:26,079 INFO step=14300/20000 total=-0.2214 si_sdr=0.73 si_sdri=23.51 lr=5.67e-05 |g|=35.528 mem=2.18GB 50ms/step data=0%
2026-08-10 20:17:27,372 INFO step=14325/20000 total=2.8943 si_sdr=-0.80 si_sdri=21.98 lr=5.63e-05 |g|=19.162 mem=2.18GB 55ms/step data=0%
2026-08-10 20:17:28,672 INFO step=14350/20000 total=-0.9067 si_sdr=1.02 si_sdri=23.81 lr=5.58e-05 |g|=20.806 mem=2.18GB 49ms/step data=0%
2026-08-10 20:17:29,637 INFO Dataset 样本统计 [total=10000] present=0 absent=3365 swap=6635
2026-08-10 20:17:29,688 INFO Dataset 样本统计 [total=10000] present=0 absent=3335 swap=6665
2026-08-10 20:17:29,960 INFO step=14375/20000 total=-1.8890 si_sdr=1.64 si_sdri=24.43 lr=5.54e-05 |g|=23.025 mem=2.18GB 51ms/step data=0%
2026-08-10 20:17:31,250 INFO step=14400/20000 total=1.2221 si_sdr=0.03 si_sdri=22.82 lr=5.49e-05 |g|=20.855 mem=2.18GB 55ms/step data=0%
2026-08-10 20:17:32,372 INFO [ACT LEN FIX] 累计 7000 次 (最近 ratio=160.000)
2026-08-10 20:17:32,535 INFO step=14425/20000 total=4.2053 si_sdr=-1.40 si_sdri=21.38 lr=5.44e-05 |g|=23.251 mem=2.18GB 63ms/step data=0%
2026-08-10 20:17:32,967 INFO [ACT LEN FIX] 累计 7000 次 (最近 ratio=160.000)
2026-08-10 20:17:34,030 INFO step=14450/20000 total=0.4113 si_sdr=0.38 si_sdri=23.17 lr=5.40e-05 |g|=18.013 mem=2.18GB 49ms/step data=0%
2026-08-10 20:17:35,314 INFO step=14475/20000 total=2.6557 si_sdr=-0.71 si_sdri=22.08 lr=5.35e-05 |g|=23.349 mem=2.18GB 52ms/step data=0%
2026-08-10 20:17:36,317 INFO Dataset 样本统计 [total=11000] present=0 absent=3698 swap=7302
2026-08-10 20:17:36,369 INFO Dataset 样本统计 [total=11000] present=0 absent=3666 swap=7334
2026-08-10 20:17:36,608 INFO step=14500/20000 total=-0.6948 si_sdr=0.92 si_sdri=23.71 lr=5.31e-05 |g|=23.368 mem=2.18GB 51ms/step data=0%
2026-08-10 20:17:36,671 INFO 存 checkpoint: checkpoint_step14500.pt
2026-08-10 20:17:40,256 INFO Dataset 样本统计 [total=85000] present=0 absent=28333 swap=56667
2026-08-10 20:17:42,025 INFO [ACT LEN FIX] 累计 57000 次 (最近 ratio=160.000)
2026-08-10 20:17:43,775 INFO Dataset 样本统计 [total=86000] present=0 absent=28666 swap=57334
2026-08-10 20:17:47,392 INFO [ACT LEN FIX] 累计 58000 次 (最近 ratio=160.000)
2026-08-10 20:17:47,393 INFO Dataset 样本统计 [total=87000] present=0 absent=29000 swap=58000
2026-08-10 20:17:47,417 INFO   dev_loss=3.2146 dev_sisdr=-0.95 dB
2026-08-10 20:17:48,682 INFO step=14525/20000 total=-0.9736 si_sdr=1.09 si_sdri=23.88 lr=5.26e-05 |g|=31.859 mem=2.18GB 50ms/step data=1%
2026-08-10 20:17:49,964 INFO step=14550/20000 total=-1.9375 si_sdr=1.64 si_sdri=24.43 lr=5.22e-05 |g|=19.071 mem=2.18GB 55ms/step data=0%
2026-08-10 20:17:51,238 INFO step=14575/20000 total=0.5351 si_sdr=0.32 si_sdri=23.11 lr=5.17e-05 |g|=32.806 mem=2.18GB 53ms/step data=0%
2026-08-10 20:17:52,514 INFO step=14600/20000 total=3.3016 si_sdr=-1.01 si_sdri=21.78 lr=5.13e-05 |g|=16.185 mem=2.18GB 53ms/step data=0%
2026-08-10 20:17:52,645 INFO [ACT LEN FIX] 累计 8000 次 (最近 ratio=193.289)
2026-08-10 20:17:53,479 INFO Dataset 样本统计 [total=12000] present=0 absent=4042 swap=7958
2026-08-10 20:17:53,506 INFO [ACT LEN FIX] 累计 8000 次 (最近 ratio=160.000)
2026-08-10 20:17:53,530 INFO Dataset 样本统计 [total=12000] present=0 absent=3979 swap=8021
2026-08-10 20:17:53,804 INFO step=14625/20000 total=2.2802 si_sdr=-0.49 si_sdri=22.30 lr=5.08e-05 |g|=29.518 mem=2.18GB 52ms/step data=0%
2026-08-10 20:17:55,092 INFO step=14650/20000 total=4.6754 si_sdr=-1.60 si_sdri=21.18 lr=5.04e-05 |g|=26.300 mem=2.18GB 51ms/step data=0%
2026-08-10 20:17:56,359 INFO step=14675/20000 total=3.3513 si_sdr=-1.01 si_sdri=21.78 lr=5.00e-05 |g|=16.850 mem=2.18GB 51ms/step data=1%
2026-08-10 20:17:57,741 INFO step=14700/20000 total=0.4179 si_sdr=0.46 si_sdri=23.24 lr=4.95e-05 |g|=26.083 mem=2.18GB 59ms/step data=0%
2026-08-10 20:17:59,102 INFO step=14725/20000 total=0.3656 si_sdr=0.47 si_sdri=23.26 lr=4.91e-05 |g|=15.305 mem=2.18GB 52ms/step data=1%
2026-08-10 20:18:00,093 INFO Dataset 样本统计 [total=13000] present=0 absent=4367 swap=8633
2026-08-10 20:18:00,145 INFO Dataset 样本统计 [total=13000] present=0 absent=4291 swap=8709
2026-08-10 20:18:00,384 INFO step=14750/20000 total=2.1459 si_sdr=-0.35 si_sdri=22.44 lr=4.86e-05 |g|=35.431 mem=2.18GB 50ms/step data=0%
2026-08-10 20:18:01,667 INFO step=14775/20000 total=-1.2859 si_sdr=1.32 si_sdri=24.11 lr=4.82e-05 |g|=20.169 mem=2.18GB 50ms/step data=0%
2026-08-10 20:18:02,559 INFO [ACT LEN FIX] 累计 9000 次 (最近 ratio=160.000)
2026-08-10 20:18:02,939 INFO step=14800/20000 total=-1.3719 si_sdr=1.37 si_sdri=24.15 lr=4.78e-05 |g|=29.009 mem=2.18GB 50ms/step data=0%
2026-08-10 20:18:03,730 INFO [ACT LEN FIX] 累计 9000 次 (最近 ratio=160.000)
2026-08-10 20:18:04,223 INFO step=14825/20000 total=-1.9642 si_sdr=1.67 si_sdri=24.46 lr=4.73e-05 |g|=28.880 mem=2.18GB 50ms/step data=0%
2026-08-10 20:18:05,532 INFO step=14850/20000 total=-0.8531 si_sdr=1.03 si_sdri=23.82 lr=4.69e-05 |g|=16.955 mem=2.18GB 50ms/step data=0%
2026-08-10 20:18:06,501 INFO Dataset 样本统计 [total=14000] present=0 absent=4715 swap=9285
2026-08-10 20:18:06,553 INFO Dataset 样本统计 [total=14000] present=0 absent=4615 swap=9385
2026-08-10 20:18:06,824 INFO step=14875/20000 total=1.5783 si_sdr=-0.12 si_sdri=22.66 lr=4.65e-05 |g|=18.892 mem=2.18GB 50ms/step data=0%
2026-08-10 20:18:08,129 INFO step=14900/20000 total=2.3497 si_sdr=-0.54 si_sdri=22.25 lr=4.60e-05 |g|=21.364 mem=2.18GB 63ms/step data=0%
2026-08-10 20:18:09,457 INFO step=14925/20000 total=-0.7113 si_sdr=1.02 si_sdri=23.81 lr=4.56e-05 |g|=23.678 mem=2.18GB 51ms/step data=0%
2026-08-10 20:18:10,765 INFO step=14950/20000 total=3.3840 si_sdr=-1.03 si_sdri=21.75 lr=4.52e-05 |g|=24.802 mem=2.18GB 53ms/step data=0%
2026-08-10 20:18:12,066 INFO step=14975/20000 total=1.7862 si_sdr=-0.21 si_sdri=22.57 lr=4.48e-05 |g|=26.330 mem=2.18GB 52ms/step data=0%
2026-08-10 20:18:12,348 INFO [ACT LEN FIX] 累计 10000 次 (最近 ratio=160.000)
2026-08-10 20:18:13,071 INFO Dataset 样本统计 [total=15000] present=0 absent=5054 swap=9946
2026-08-10 20:18:13,489 INFO [ACT LEN FIX] sample-level activity 337 → 57600 (len(mix)), ratio=170.920  [后续将每 1000 次汇总 1 条]
2026-08-10 20:18:13,496 INFO [ACT LEN FIX] sample-level activity 360 → 57600 (len(mix)), ratio=160.000  [后续将每 1000 次汇总 1 条]
2026-08-10 20:18:13,714 INFO step=15000/20000 total=-0.8564 si_sdr=1.10 si_sdri=23.89 lr=4.44e-05 |g|=23.081 mem=2.18GB 405ms/step data=86%
2026-08-10 20:18:13,785 INFO 存 checkpoint: checkpoint_step15000.pt
2026-08-10 20:18:17,351 INFO Dataset 样本统计 [total=88000] present=0 absent=29333 swap=58667
2026-08-10 20:18:19,110 INFO [ACT LEN FIX] 累计 59000 次 (最近 ratio=160.000)
2026-08-10 20:18:20,917 INFO Dataset 样本统计 [total=89000] present=0 absent=29666 swap=59334
2026-08-10 20:18:24,447 INFO [ACT LEN FIX] 累计 60000 次 (最近 ratio=160.000)
2026-08-10 20:18:24,448 INFO Dataset 样本统计 [total=90000] present=0 absent=30000 swap=60000
2026-08-10 20:18:24,472 INFO   dev_loss=3.2752 dev_sisdr=-0.98 dB
2026-08-10 20:18:25,743 INFO step=15025/20000 total=1.1867 si_sdr=0.03 si_sdri=22.82 lr=4.39e-05 |g|=20.668 mem=2.18GB 52ms/step data=0%
2026-08-10 20:18:27,127 INFO step=15050/20000 total=3.5117 si_sdr=-1.20 si_sdri=21.59 lr=4.35e-05 |g|=25.795 mem=2.18GB 49ms/step data=0%
2026-08-10 20:18:28,457 INFO step=15075/20000 total=3.9304 si_sdr=-1.25 si_sdri=21.54 lr=4.31e-05 |g|=31.761 mem=2.18GB 61ms/step data=0%
2026-08-10 20:18:29,797 INFO step=15100/20000 total=-0.2020 si_sdr=0.78 si_sdri=23.57 lr=4.27e-05 |g|=19.461 mem=2.18GB 50ms/step data=0%
2026-08-10 20:18:30,785 INFO Dataset 样本统计 [total=1000] present=0 absent=332 swap=668
2026-08-10 20:18:30,836 INFO Dataset 样本统计 [total=1000] present=0 absent=333 swap=667
2026-08-10 20:18:31,075 INFO step=15125/20000 total=1.6876 si_sdr=-0.19 si_sdri=22.59 lr=4.23e-05 |g|=18.984 mem=2.18GB 51ms/step data=0%
2026-08-10 20:18:32,461 INFO step=15150/20000 total=3.0917 si_sdr=-0.96 si_sdri=21.82 lr=4.19e-05 |g|=17.008 mem=2.18GB 58ms/step data=0%
2026-08-10 20:18:33,877 INFO step=15175/20000 total=1.7950 si_sdr=-0.28 si_sdri=22.51 lr=4.15e-05 |g|=28.217 mem=2.18GB 54ms/step data=0%
2026-08-10 20:18:34,290 INFO [ACT LEN FIX] 累计 1000 次 (最近 ratio=160.000)
2026-08-10 20:18:34,450 INFO [ACT LEN FIX] 累计 1000 次 (最近 ratio=160.000)
2026-08-10 20:18:35,156 INFO step=15200/20000 total=7.6620 si_sdr=-3.30 si_sdri=19.49 lr=4.10e-05 |g|=15.993 mem=2.18GB 52ms/step data=0%
2026-08-10 20:18:36,437 INFO step=15225/20000 total=3.1188 si_sdr=-1.04 si_sdri=21.74 lr=4.06e-05 |g|=27.739 mem=2.18GB 50ms/step data=0%
2026-08-10 20:18:37,428 INFO Dataset 样本统计 [total=2000] present=0 absent=676 swap=1324
2026-08-10 20:18:37,480 INFO Dataset 样本统计 [total=2000] present=0 absent=676 swap=1324
2026-08-10 20:18:37,748 INFO step=15250/20000 total=0.7979 si_sdr=0.21 si_sdri=23.00 lr=4.02e-05 |g|=24.158 mem=2.18GB 50ms/step data=0%
2026-08-10 20:18:39,046 INFO step=15275/20000 total=3.4255 si_sdr=-0.95 si_sdri=21.83 lr=3.98e-05 |g|=19.823 mem=2.18GB 52ms/step data=0%
2026-08-10 20:18:40,331 INFO step=15300/20000 total=1.2335 si_sdr=-0.12 si_sdri=22.67 lr=3.94e-05 |g|=21.313 mem=2.18GB 50ms/step data=0%
2026-08-10 20:18:41,617 INFO step=15325/20000 total=-0.0936 si_sdr=0.66 si_sdri=23.44 lr=3.90e-05 |g|=17.547 mem=2.18GB 50ms/step data=0%
2026-08-10 20:18:42,904 INFO step=15350/20000 total=5.4548 si_sdr=-2.11 si_sdri=20.68 lr=3.86e-05 |g|=27.613 mem=2.18GB 52ms/step data=0%
2026-08-10 20:18:43,762 INFO [ACT LEN FIX] 累计 2000 次 (最近 ratio=160.000)
2026-08-10 20:18:43,918 INFO Dataset 样本统计 [total=3000] present=0 absent=1006 swap=1994
2026-08-10 20:18:43,960 INFO Dataset 样本统计 [total=3000] present=0 absent=1030 swap=1970
2026-08-10 20:18:44,003 INFO [ACT LEN FIX] 累计 2000 次 (最近 ratio=160.000)
2026-08-10 20:18:44,200 INFO step=15375/20000 total=3.3816 si_sdr=-0.99 si_sdri=21.80 lr=3.82e-05 |g|=31.987 mem=2.18GB 50ms/step data=0%
2026-08-10 20:18:45,508 INFO step=15400/20000 total=0.9195 si_sdr=0.20 si_sdri=22.98 lr=3.78e-05 |g|=29.306 mem=2.18GB 53ms/step data=0%
2026-08-10 20:18:46,800 INFO step=15425/20000 total=2.6632 si_sdr=-0.73 si_sdri=22.06 lr=3.75e-05 |g|=28.521 mem=2.18GB 51ms/step data=0%
2026-08-10 20:18:48,235 INFO step=15450/20000 total=4.2181 si_sdr=-1.44 si_sdri=21.34 lr=3.71e-05 |g|=24.240 mem=2.18GB 60ms/step data=0%
2026-08-10 20:18:49,580 INFO step=15475/20000 total=1.2848 si_sdr=-0.02 si_sdri=22.76 lr=3.67e-05 |g|=17.877 mem=2.18GB 50ms/step data=0%
2026-08-10 20:18:50,640 INFO Dataset 样本统计 [total=4000] present=0 absent=1345 swap=2655
2026-08-10 20:18:50,686 INFO Dataset 样本统计 [total=4000] present=0 absent=1374 swap=2626
2026-08-10 20:18:50,960 INFO step=15500/20000 total=3.0663 si_sdr=-0.86 si_sdri=21.92 lr=3.63e-05 |g|=45.575 mem=2.18GB 50ms/step data=0%
2026-08-10 20:18:51,024 INFO 存 checkpoint: checkpoint_step15500.pt
2026-08-10 20:18:54,540 INFO Dataset 样本统计 [total=91000] present=0 absent=30333 swap=60667
2026-08-10 20:18:56,401 INFO [ACT LEN FIX] 累计 61000 次 (最近 ratio=160.000)
2026-08-10 20:18:58,138 INFO Dataset 样本统计 [total=92000] present=0 absent=30666 swap=61334
2026-08-10 20:19:01,610 INFO [ACT LEN FIX] 累计 62000 次 (最近 ratio=160.000)
2026-08-10 20:19:01,611 INFO Dataset 样本统计 [total=93000] present=0 absent=31000 swap=62000
2026-08-10 20:19:01,639 INFO   dev_loss=3.2188 dev_sisdr=-0.96 dB
2026-08-10 20:19:02,926 INFO step=15525/20000 total=4.5299 si_sdr=-1.50 si_sdri=21.29 lr=3.59e-05 |g|=45.895 mem=2.18GB 49ms/step data=0%
2026-08-10 20:19:04,214 INFO step=15550/20000 total=1.7827 si_sdr=-0.17 si_sdri=22.61 lr=3.55e-05 |g|=28.993 mem=2.18GB 52ms/step data=0%
2026-08-10 20:19:04,335 INFO [ACT LEN FIX] 累计 3000 次 (最近 ratio=160.000)
2026-08-10 20:19:04,512 INFO [ACT LEN FIX] 累计 3000 次 (最近 ratio=160.000)
2026-08-10 20:19:05,511 INFO step=15575/20000 total=-1.7325 si_sdr=1.45 si_sdri=24.24 lr=3.51e-05 |g|=20.225 mem=2.18GB 52ms/step data=0%
2026-08-10 20:19:06,846 INFO step=15600/20000 total=1.0814 si_sdr=0.21 si_sdri=23.00 lr=3.48e-05 |g|=16.840 mem=2.18GB 65ms/step data=1%
2026-08-10 20:19:07,919 INFO Dataset 样本统计 [total=5000] present=0 absent=1666 swap=3334
2026-08-10 20:19:07,975 INFO Dataset 样本统计 [total=5000] present=0 absent=1710 swap=3290
2026-08-10 20:19:08,231 INFO step=15625/20000 total=-1.8856 si_sdr=1.53 si_sdri=24.31 lr=3.44e-05 |g|=25.714 mem=2.18GB 51ms/step data=0%
2026-08-10 20:19:09,538 INFO step=15650/20000 total=-1.2741 si_sdr=1.27 si_sdri=24.05 lr=3.40e-05 |g|=24.024 mem=2.18GB 51ms/step data=0%
2026-08-10 20:19:10,816 INFO step=15675/20000 total=2.2720 si_sdr=-0.49 si_sdri=22.29 lr=3.36e-05 |g|=42.941 mem=2.18GB 52ms/step data=0%
2026-08-10 20:19:12,086 INFO step=15700/20000 total=3.8448 si_sdr=-1.25 si_sdri=21.54 lr=3.33e-05 |g|=18.699 mem=2.18GB 52ms/step data=0%
2026-08-10 20:19:13,360 INFO step=15725/20000 total=3.5742 si_sdr=-1.28 si_sdri=21.51 lr=3.29e-05 |g|=26.902 mem=2.18GB 49ms/step data=1%
2026-08-10 20:19:14,194 INFO [ACT LEN FIX] 累计 4000 次 (最近 ratio=160.000)
2026-08-10 20:19:14,325 INFO Dataset 样本统计 [total=6000] present=0 absent=1978 swap=4022
2026-08-10 20:19:14,378 INFO Dataset 样本统计 [total=6000] present=0 absent=2038 swap=3962
2026-08-10 20:19:14,478 INFO [ACT LEN FIX] 累计 4000 次 (最近 ratio=160.000)
2026-08-10 20:19:14,654 INFO step=15750/20000 total=0.7027 si_sdr=0.26 si_sdri=23.05 lr=3.25e-05 |g|=19.790 mem=2.18GB 51ms/step data=0%
2026-08-10 20:19:15,938 INFO step=15775/20000 total=4.4550 si_sdr=-1.51 si_sdri=21.28 lr=3.21e-05 |g|=33.555 mem=2.18GB 52ms/step data=0%
2026-08-10 20:19:17,216 INFO step=15800/20000 total=-0.2187 si_sdr=0.69 si_sdri=23.47 lr=3.18e-05 |g|=19.419 mem=2.18GB 51ms/step data=0%
2026-08-10 20:19:18,497 INFO step=15825/20000 total=3.7991 si_sdr=-1.31 si_sdri=21.48 lr=3.14e-05 |g|=17.509 mem=2.18GB 50ms/step data=0%
2026-08-10 20:19:19,790 INFO step=15850/20000 total=1.2196 si_sdr=0.04 si_sdri=22.82 lr=3.11e-05 |g|=24.620 mem=2.18GB 51ms/step data=1%
2026-08-10 20:19:20,804 INFO Dataset 样本统计 [total=7000] present=0 absent=2306 swap=4694
2026-08-10 20:19:20,855 INFO Dataset 样本统计 [total=7000] present=0 absent=2392 swap=4608
2026-08-10 20:19:21,094 INFO step=15875/20000 total=-3.0416 si_sdr=2.14 si_sdri=24.93 lr=3.07e-05 |g|=20.319 mem=2.18GB 51ms/step data=0%
2026-08-10 20:19:22,372 INFO step=15900/20000 total=1.5939 si_sdr=-0.24 si_sdri=22.55 lr=3.03e-05 |g|=25.492 mem=2.18GB 50ms/step data=0%
2026-08-10 20:19:23,590 INFO [ACT LEN FIX] 累计 5000 次 (最近 ratio=160.000)
2026-08-10 20:19:23,661 INFO step=15925/20000 total=3.1200 si_sdr=-1.00 si_sdri=21.79 lr=3.00e-05 |g|=28.276 mem=2.18GB 49ms/step data=0%
2026-08-10 20:19:23,838 INFO [ACT LEN FIX] 累计 5000 次 (最近 ratio=160.000)
2026-08-10 20:19:24,952 INFO step=15950/20000 total=2.3678 si_sdr=-0.53 si_sdri=22.26 lr=2.96e-05 |g|=28.790 mem=2.18GB 52ms/step data=0%
2026-08-10 20:19:26,244 INFO step=15975/20000 total=-0.2636 si_sdr=0.74 si_sdri=23.52 lr=2.93e-05 |g|=19.361 mem=2.18GB 53ms/step data=0%
2026-08-10 20:19:27,242 INFO Dataset 样本统计 [total=8000] present=0 absent=2647 swap=5353
2026-08-10 20:19:27,295 INFO Dataset 样本统计 [total=8000] present=0 absent=2712 swap=5288
2026-08-10 20:19:27,576 INFO step=16000/20000 total=1.8865 si_sdr=-0.38 si_sdri=22.41 lr=2.89e-05 |g|=20.021 mem=2.18GB 51ms/step data=0%
2026-08-10 20:19:27,639 INFO 存 checkpoint: checkpoint_step16000.pt
2026-08-10 20:19:30,974 INFO Dataset 样本统计 [total=94000] present=0 absent=31333 swap=62667
2026-08-10 20:19:32,743 INFO [ACT LEN FIX] 累计 63000 次 (最近 ratio=160.000)
2026-08-10 20:19:34,426 INFO Dataset 样本统计 [total=95000] present=0 absent=31666 swap=63334
2026-08-10 20:19:37,844 INFO [ACT LEN FIX] 累计 64000 次 (最近 ratio=160.000)
2026-08-10 20:19:37,845 INFO Dataset 样本统计 [total=96000] present=0 absent=32000 swap=64000
2026-08-10 20:19:37,870 INFO   dev_loss=3.2312 dev_sisdr=-0.97 dB
2026-08-10 20:19:39,154 INFO step=16025/20000 total=3.4538 si_sdr=-1.06 si_sdri=21.73 lr=2.86e-05 |g|=32.536 mem=2.18GB 52ms/step data=0%
2026-08-10 20:19:40,431 INFO step=16050/20000 total=1.1604 si_sdr=0.14 si_sdri=22.93 lr=2.82e-05 |g|=33.920 mem=2.18GB 50ms/step data=0%
2026-08-10 20:19:41,760 INFO step=16075/20000 total=4.7732 si_sdr=-1.85 si_sdri=20.94 lr=2.79e-05 |g|=21.931 mem=2.18GB 56ms/step data=0%
2026-08-10 20:19:43,134 INFO step=16100/20000 total=2.6754 si_sdr=-0.63 si_sdri=22.16 lr=2.75e-05 |g|=30.541 mem=2.18GB 51ms/step data=0%
2026-08-10 20:19:43,710 INFO [ACT LEN FIX] 累计 6000 次 (最近 ratio=160.000)
2026-08-10 20:19:44,145 INFO Dataset 样本统计 [total=9000] present=0 absent=2973 swap=6027
2026-08-10 20:19:44,194 INFO Dataset 样本统计 [total=9000] present=0 absent=3038 swap=5962
2026-08-10 20:19:44,308 INFO [ACT LEN FIX] 累计 6000 次 (最近 ratio=160.000)
2026-08-10 20:19:44,443 INFO step=16125/20000 total=-2.0809 si_sdr=1.66 si_sdri=24.45 lr=2.72e-05 |g|=16.626 mem=2.18GB 50ms/step data=0%
2026-08-10 20:19:45,720 INFO step=16150/20000 total=-0.0400 si_sdr=0.64 si_sdri=23.43 lr=2.69e-05 |g|=30.221 mem=2.18GB 50ms/step data=0%
2026-08-10 20:19:47,000 INFO step=16175/20000 total=-2.5927 si_sdr=1.92 si_sdri=24.71 lr=2.65e-05 |g|=21.464 mem=2.18GB 52ms/step data=0%
2026-08-10 20:19:48,297 INFO step=16200/20000 total=3.0054 si_sdr=-0.83 si_sdri=21.96 lr=2.62e-05 |g|=20.465 mem=2.18GB 49ms/step data=0%
2026-08-10 20:19:49,646 INFO step=16225/20000 total=5.6718 si_sdr=-2.23 si_sdri=20.56 lr=2.59e-05 |g|=24.956 mem=2.18GB 61ms/step data=0%
2026-08-10 20:19:50,750 INFO Dataset 样本统计 [total=10000] present=0 absent=3312 swap=6688
2026-08-10 20:19:50,802 INFO Dataset 样本统计 [total=10000] present=0 absent=3352 swap=6648
2026-08-10 20:19:51,075 INFO step=16250/20000 total=4.7149 si_sdr=-1.63 si_sdri=21.16 lr=2.55e-05 |g|=30.250 mem=2.18GB 50ms/step data=0%
2026-08-10 20:19:52,382 INFO step=16275/20000 total=2.0357 si_sdr=-0.28 si_sdri=22.51 lr=2.52e-05 |g|=21.540 mem=2.18GB 55ms/step data=0%
2026-08-10 20:19:53,635 INFO [ACT LEN FIX] 累计 7000 次 (最近 ratio=160.000)
2026-08-10 20:19:53,674 INFO step=16300/20000 total=-3.5327 si_sdr=2.40 si_sdri=25.19 lr=2.49e-05 |g|=21.942 mem=2.18GB 51ms/step data=0%
2026-08-10 20:19:53,909 INFO [ACT LEN FIX] 累计 7000 次 (最近 ratio=160.000)
2026-08-10 20:19:54,961 INFO step=16325/20000 total=-3.1201 si_sdr=2.22 si_sdri=25.00 lr=2.45e-05 |g|=19.764 mem=2.18GB 51ms/step data=0%
2026-08-10 20:19:56,271 INFO step=16350/20000 total=2.6447 si_sdr=-0.78 si_sdri=22.01 lr=2.42e-05 |g|=28.660 mem=2.18GB 54ms/step data=0%
2026-08-10 20:19:57,286 INFO Dataset 样本统计 [total=11000] present=0 absent=3625 swap=7375
2026-08-10 20:19:57,338 INFO Dataset 样本统计 [total=11000] present=0 absent=3699 swap=7301
2026-08-10 20:19:57,573 INFO step=16375/20000 total=1.4616 si_sdr=-0.06 si_sdri=22.73 lr=2.39e-05 |g|=17.609 mem=2.18GB 49ms/step data=0%
2026-08-10 20:19:58,873 INFO step=16400/20000 total=1.9556 si_sdr=-0.39 si_sdri=22.40 lr=2.36e-05 |g|=25.561 mem=2.18GB 53ms/step data=0%
2026-08-10 20:20:00,170 INFO step=16425/20000 total=0.1246 si_sdr=0.49 si_sdri=23.28 lr=2.33e-05 |g|=22.280 mem=2.18GB 49ms/step data=0%
2026-08-10 20:20:01,453 INFO step=16450/20000 total=1.1633 si_sdr=0.03 si_sdri=22.82 lr=2.29e-05 |g|=14.871 mem=2.18GB 53ms/step data=0%
2026-08-10 20:20:02,855 INFO step=16475/20000 total=-3.6679 si_sdr=2.50 si_sdri=25.29 lr=2.26e-05 |g|=50.590 mem=2.18GB 52ms/step data=0%
2026-08-10 20:20:03,635 INFO [ACT LEN FIX] 累计 8000 次 (最近 ratio=160.000)
2026-08-10 20:20:03,863 INFO Dataset 样本统计 [total=12000] present=0 absent=3973 swap=8027
2026-08-10 20:20:03,920 INFO Dataset 样本统计 [total=12000] present=0 absent=4022 swap=7978
2026-08-10 20:20:04,113 INFO [ACT LEN FIX] 累计 8000 次 (最近 ratio=160.000)
2026-08-10 20:20:04,214 INFO step=16500/20000 total=1.4550 si_sdr=-0.08 si_sdri=22.71 lr=2.23e-05 |g|=21.765 mem=2.18GB 49ms/step data=0%
2026-08-10 20:20:04,278 INFO 存 checkpoint: checkpoint_step16500.pt
2026-08-10 20:20:07,820 INFO Dataset 样本统计 [total=97000] present=0 absent=32333 swap=64667
2026-08-10 20:20:09,578 INFO [ACT LEN FIX] 累计 65000 次 (最近 ratio=160.000)
2026-08-10 20:20:11,296 INFO Dataset 样本统计 [total=98000] present=0 absent=32666 swap=65334
2026-08-10 20:20:14,853 INFO [ACT LEN FIX] 累计 66000 次 (最近 ratio=160.000)
2026-08-10 20:20:14,854 INFO Dataset 样本统计 [total=99000] present=0 absent=33000 swap=66000
2026-08-10 20:20:14,878 INFO   dev_loss=3.1934 dev_sisdr=-0.95 dB
2026-08-10 20:20:16,219 INFO step=16525/20000 total=0.7658 si_sdr=0.28 si_sdri=23.06 lr=2.20e-05 |g|=26.091 mem=2.18GB 51ms/step data=0%
2026-08-10 20:20:17,666 INFO step=16550/20000 total=3.1936 si_sdr=-0.92 si_sdri=21.87 lr=2.17e-05 |g|=20.614 mem=2.18GB 54ms/step data=0%
2026-08-10 20:20:18,969 INFO step=16575/20000 total=2.1005 si_sdr=-0.51 si_sdri=22.28 lr=2.14e-05 |g|=27.489 mem=2.18GB 54ms/step data=0%
2026-08-10 20:20:20,283 INFO step=16600/20000 total=1.1141 si_sdr=0.13 si_sdri=22.91 lr=2.11e-05 |g|=33.431 mem=2.18GB 54ms/step data=0%
2026-08-10 20:20:21,287 INFO Dataset 样本统计 [total=13000] present=0 absent=4308 swap=8692
2026-08-10 20:20:21,340 INFO Dataset 样本统计 [total=13000] present=0 absent=4362 swap=8638
2026-08-10 20:20:21,578 INFO step=16625/20000 total=0.6179 si_sdr=0.38 si_sdri=23.16 lr=2.08e-05 |g|=22.255 mem=2.18GB 50ms/step data=0%
2026-08-10 20:20:22,854 INFO step=16650/20000 total=3.3647 si_sdr=-1.13 si_sdri=21.66 lr=2.05e-05 |g|=26.067 mem=2.18GB 51ms/step data=0%
2026-08-10 20:20:24,197 INFO step=16675/20000 total=4.0039 si_sdr=-1.44 si_sdri=21.35 lr=2.02e-05 |g|=22.424 mem=2.18GB 51ms/step data=0%
2026-08-10 20:20:24,333 INFO [ACT LEN FIX] 累计 9000 次 (最近 ratio=160.000)
2026-08-10 20:20:24,772 INFO [ACT LEN FIX] 累计 9000 次 (最近 ratio=160.000)
2026-08-10 20:20:25,483 INFO step=16700/20000 total=6.1057 si_sdr=-2.34 si_sdri=20.45 lr=1.99e-05 |g|=28.691 mem=2.18GB 50ms/step data=0%
2026-08-10 20:20:26,853 INFO step=16725/20000 total=-2.5936 si_sdr=1.94 si_sdri=24.73 lr=1.96e-05 |g|=22.964 mem=2.18GB 51ms/step data=0%
2026-08-10 20:20:27,826 INFO Dataset 样本统计 [total=14000] present=0 absent=4635 swap=9365
2026-08-10 20:20:27,881 INFO Dataset 样本统计 [total=14000] present=0 absent=4693 swap=9307
2026-08-10 20:20:28,160 INFO step=16750/20000 total=-0.7263 si_sdr=1.03 si_sdri=23.82 lr=1.93e-05 |g|=18.142 mem=2.18GB 50ms/step data=0%
2026-08-10 20:20:29,463 INFO step=16775/20000 total=2.5308 si_sdr=-0.65 si_sdri=22.14 lr=1.90e-05 |g|=21.577 mem=2.18GB 50ms/step data=0%
2026-08-10 20:20:30,751 INFO step=16800/20000 total=1.5882 si_sdr=-0.15 si_sdri=22.64 lr=1.87e-05 |g|=22.911 mem=2.18GB 49ms/step data=0%
2026-08-10 20:20:32,039 INFO step=16825/20000 total=2.4984 si_sdr=-0.54 si_sdri=22.24 lr=1.85e-05 |g|=26.014 mem=2.18GB 51ms/step data=0%
2026-08-10 20:20:33,418 INFO step=16850/20000 total=-1.6491 si_sdr=1.53 si_sdri=24.32 lr=1.82e-05 |g|=27.639 mem=2.18GB 52ms/step data=0%
2026-08-10 20:20:34,109 INFO [ACT LEN FIX] 累计 10000 次 (最近 ratio=168.421)
2026-08-10 20:20:34,430 INFO Dataset 样本统计 [total=15000] present=0 absent=4975 swap=10025
2026-08-10 20:20:34,833 INFO [ACT LEN FIX] sample-level activity 360 → 57600 (len(mix)), ratio=160.000  [后续将每 1000 次汇总 1 条]
2026-08-10 20:20:34,834 INFO [ACT LEN FIX] sample-level activity 360 → 57600 (len(mix)), ratio=160.000  [后续将每 1000 次汇总 1 条]
2026-08-10 20:20:35,049 INFO step=16875/20000 total=2.2288 si_sdr=-0.48 si_sdri=22.31 lr=1.79e-05 |g|=33.242 mem=2.18GB 383ms/step data=85%
2026-08-10 20:20:36,345 INFO step=16900/20000 total=-2.6994 si_sdr=1.95 si_sdri=24.73 lr=1.76e-05 |g|=26.238 mem=2.18GB 50ms/step data=0%
2026-08-10 20:20:37,632 INFO step=16925/20000 total=0.8632 si_sdr=0.16 si_sdri=22.94 lr=1.73e-05 |g|=25.746 mem=2.18GB 52ms/step data=1%
2026-08-10 20:20:38,945 INFO step=16950/20000 total=1.1492 si_sdr=0.11 si_sdri=22.90 lr=1.71e-05 |g|=23.742 mem=2.18GB 52ms/step data=0%
2026-08-10 20:20:40,263 INFO step=16975/20000 total=-2.3833 si_sdr=1.74 si_sdri=24.53 lr=1.68e-05 |g|=30.914 mem=2.18GB 49ms/step data=0%
2026-08-10 20:20:41,261 INFO Dataset 样本统计 [total=1000] present=0 absent=338 swap=662
2026-08-10 20:20:41,312 INFO Dataset 样本统计 [total=1000] present=0 absent=331 swap=669
2026-08-10 20:20:41,552 INFO step=17000/20000 total=1.6132 si_sdr=-0.14 si_sdri=22.65 lr=1.65e-05 |g|=18.855 mem=2.18GB 51ms/step data=0%
2026-08-10 20:20:41,618 INFO 存 checkpoint: checkpoint_step17000.pt
2026-08-10 20:20:45,209 INFO Dataset 样本统计 [total=100000] present=0 absent=33333 swap=66667
2026-08-10 20:20:46,998 INFO [ACT LEN FIX] 累计 67000 次 (最近 ratio=160.000)
2026-08-10 20:20:48,798 INFO Dataset 样本统计 [total=101000] present=0 absent=33666 swap=67334
2026-08-10 20:20:52,594 INFO [ACT LEN FIX] 累计 68000 次 (最近 ratio=160.000)
2026-08-10 20:20:52,595 INFO Dataset 样本统计 [total=102000] present=0 absent=34000 swap=68000
2026-08-10 20:20:52,621 INFO   dev_loss=3.2305 dev_sisdr=-0.97 dB
2026-08-10 20:20:53,961 INFO step=17025/20000 total=1.8100 si_sdr=-0.40 si_sdri=22.39 lr=1.62e-05 |g|=26.737 mem=2.18GB 51ms/step data=0%
2026-08-10 20:20:55,240 INFO step=17050/20000 total=-0.5059 si_sdr=0.92 si_sdri=23.70 lr=1.60e-05 |g|=21.242 mem=2.18GB 49ms/step data=0%
2026-08-10 20:20:55,720 INFO [ACT LEN FIX] 累计 1000 次 (最近 ratio=160.000)
2026-08-10 20:20:55,761 INFO [ACT LEN FIX] 累计 1000 次 (最近 ratio=160.000)
2026-08-10 20:20:56,526 INFO step=17075/20000 total=2.0035 si_sdr=-0.36 si_sdri=22.43 lr=1.57e-05 |g|=18.007 mem=2.18GB 49ms/step data=1%
2026-08-10 20:20:57,825 INFO step=17100/20000 total=2.7336 si_sdr=-0.76 si_sdri=22.03 lr=1.54e-05 |g|=27.953 mem=2.18GB 53ms/step data=1%
2026-08-10 20:20:58,809 INFO Dataset 样本统计 [total=2000] present=0 absent=666 swap=1334
2026-08-10 20:20:58,860 INFO Dataset 样本统计 [total=2000] present=0 absent=659 swap=1341
2026-08-10 20:20:59,138 INFO step=17125/20000 total=2.5833 si_sdr=-0.68 si_sdri=22.10 lr=1.52e-05 |g|=21.985 mem=2.18GB 50ms/step data=0%
2026-08-10 20:21:00,450 INFO step=17150/20000 total=-3.3364 si_sdr=2.31 si_sdri=25.09 lr=1.49e-05 |g|=21.734 mem=2.18GB 53ms/step data=0%
2026-08-10 20:21:01,760 INFO step=17175/20000 total=-3.2021 si_sdr=2.21 si_sdri=24.99 lr=1.47e-05 |g|=21.488 mem=2.18GB 52ms/step data=0%
2026-08-10 20:21:03,122 INFO step=17200/20000 total=1.2929 si_sdr=-0.08 si_sdri=22.70 lr=1.44e-05 |g|=14.759 mem=2.18GB 64ms/step data=0%
2026-08-10 20:21:04,623 INFO step=17225/20000 total=6.3781 si_sdr=-2.56 si_sdri=20.22 lr=1.42e-05 |g|=23.802 mem=2.18GB 51ms/step data=0%
2026-08-10 20:21:05,590 INFO [ACT LEN FIX] 累计 2000 次 (最近 ratio=203.534)
2026-08-10 20:21:05,645 INFO Dataset 样本统计 [total=3000] present=0 absent=998 swap=2002
2026-08-10 20:21:05,691 INFO Dataset 样本统计 [total=3000] present=0 absent=993 swap=2007
2026-08-10 20:21:05,753 INFO [ACT LEN FIX] 累计 2000 次 (最近 ratio=179.439)
2026-08-10 20:21:05,951 INFO step=17250/20000 total=-0.7176 si_sdr=0.94 si_sdri=23.73 lr=1.39e-05 |g|=29.828 mem=2.18GB 54ms/step data=0%
2026-08-10 20:21:07,276 INFO step=17275/20000 total=3.5119 si_sdr=-1.22 si_sdri=21.57 lr=1.37e-05 |g|=34.180 mem=2.18GB 49ms/step data=0%
2026-08-10 20:21:08,609 INFO step=17300/20000 total=7.6773 si_sdr=-3.00 si_sdri=19.78 lr=1.34e-05 |g|=29.030 mem=2.18GB 52ms/step data=0%
2026-08-10 20:21:09,998 INFO step=17325/20000 total=1.5639 si_sdr=-0.15 si_sdri=22.63 lr=1.32e-05 |g|=22.650 mem=2.18GB 55ms/step data=0%
2026-08-10 20:21:11,314 INFO step=17350/20000 total=0.6700 si_sdr=0.29 si_sdri=23.08 lr=1.29e-05 |g|=29.274 mem=2.18GB 52ms/step data=1%
2026-08-10 20:21:12,296 INFO Dataset 样本统计 [total=4000] present=0 absent=1321 swap=2679
2026-08-10 20:21:12,349 INFO Dataset 样本统计 [total=4000] present=0 absent=1340 swap=2660
2026-08-10 20:21:12,632 INFO step=17375/20000 total=3.0926 si_sdr=-0.88 si_sdri=21.91 lr=1.27e-05 |g|=24.348 mem=2.18GB 51ms/step data=1%
2026-08-10 20:21:13,948 INFO step=17400/20000 total=1.6529 si_sdr=-0.18 si_sdri=22.60 lr=1.25e-05 |g|=36.230 mem=2.18GB 53ms/step data=0%
2026-08-10 20:21:15,258 INFO step=17425/20000 total=2.2781 si_sdr=-0.40 si_sdri=22.38 lr=1.22e-05 |g|=26.179 mem=2.18GB 52ms/step data=0%
2026-08-10 20:21:15,375 INFO [ACT LEN FIX] 累计 3000 次 (最近 ratio=160.000)
2026-08-10 20:21:15,615 INFO [ACT LEN FIX] 累计 3000 次 (最近 ratio=172.973)
2026-08-10 20:21:16,529 INFO step=17450/20000 total=4.7479 si_sdr=-1.66 si_sdri=21.13 lr=1.20e-05 |g|=29.050 mem=2.18GB 49ms/step data=0%
2026-08-10 20:21:17,789 INFO step=17475/20000 total=-1.1944 si_sdr=1.18 si_sdri=23.97 lr=1.18e-05 |g|=32.565 mem=2.18GB 49ms/step data=1%
2026-08-10 20:21:18,773 INFO Dataset 样本统计 [total=5000] present=0 absent=1660 swap=3340
2026-08-10 20:21:18,823 INFO Dataset 样本统计 [total=5000] present=0 absent=1674 swap=3326
2026-08-10 20:21:19,061 INFO step=17500/20000 total=3.0420 si_sdr=-0.84 si_sdri=21.94 lr=1.15e-05 |g|=26.109 mem=2.18GB 53ms/step data=0%
2026-08-10 20:21:19,124 INFO 存 checkpoint: checkpoint_step17500.pt
2026-08-10 20:21:22,636 INFO Dataset 样本统计 [total=103000] present=0 absent=34333 swap=68667
2026-08-10 20:21:24,387 INFO [ACT LEN FIX] 累计 69000 次 (最近 ratio=160.000)
2026-08-10 20:21:26,200 INFO Dataset 样本统计 [total=104000] present=0 absent=34666 swap=69334
2026-08-10 20:21:29,862 INFO [ACT LEN FIX] 累计 70000 次 (最近 ratio=160.000)
2026-08-10 20:21:29,863 INFO Dataset 样本统计 [total=105000] present=0 absent=35000 swap=70000
2026-08-10 20:21:29,887 INFO   dev_loss=3.1865 dev_sisdr=-0.95 dB
2026-08-10 20:21:31,169 INFO step=17525/20000 total=2.5946 si_sdr=-0.70 si_sdri=22.09 lr=1.13e-05 |g|=24.167 mem=2.18GB 52ms/step data=0%
2026-08-10 20:21:32,486 INFO step=17550/20000 total=-5.7020 si_sdr=3.43 si_sdri=26.22 lr=1.11e-05 |g|=27.707 mem=2.18GB 50ms/step data=0%
2026-08-10 20:21:33,765 INFO step=17575/20000 total=5.3776 si_sdr=-2.06 si_sdri=20.73 lr=1.09e-05 |g|=21.465 mem=2.18GB 49ms/step data=0%
2026-08-10 20:21:35,058 INFO step=17600/20000 total=-1.1899 si_sdr=1.19 si_sdri=23.97 lr=1.06e-05 |g|=19.223 mem=2.18GB 52ms/step data=0%
2026-08-10 20:21:35,907 INFO [ACT LEN FIX] 累计 4000 次 (最近 ratio=200.000)
2026-08-10 20:21:35,961 INFO [ACT LEN FIX] 累计 4000 次 (最近 ratio=160.000)
2026-08-10 20:21:36,025 INFO Dataset 样本统计 [total=6000] present=0 absent=2004 swap=3996
2026-08-10 20:21:36,075 INFO Dataset 样本统计 [total=6000] present=0 absent=1996 swap=4004
2026-08-10 20:21:36,349 INFO step=17625/20000 total=2.0704 si_sdr=-0.45 si_sdri=22.34 lr=1.04e-05 |g|=20.470 mem=2.18GB 51ms/step data=0%
2026-08-10 20:21:37,642 INFO step=17650/20000 total=2.3135 si_sdr=-0.49 si_sdri=22.30 lr=1.02e-05 |g|=19.407 mem=2.18GB 52ms/step data=0%
2026-08-10 20:21:38,939 INFO step=17675/20000 total=-1.0233 si_sdr=1.18 si_sdri=23.97 lr=9.99e-06 |g|=33.336 mem=2.18GB 51ms/step data=0%
2026-08-10 20:21:40,333 INFO step=17700/20000 total=2.5686 si_sdr=-0.64 si_sdri=22.14 lr=9.78e-06 |g|=31.168 mem=2.18GB 56ms/step data=0%
2026-08-10 20:21:41,677 INFO step=17725/20000 total=4.2372 si_sdr=-1.35 si_sdri=21.44 lr=9.57e-06 |g|=24.380 mem=2.18GB 55ms/step data=1%
2026-08-10 20:21:42,740 INFO Dataset 样本统计 [total=7000] present=0 absent=2316 swap=4684
2026-08-10 20:21:42,795 INFO Dataset 样本统计 [total=7000] present=0 absent=2334 swap=4666
2026-08-10 20:21:43,049 INFO step=17750/20000 total=2.8966 si_sdr=-0.80 si_sdri=21.98 lr=9.36e-06 |g|=25.953 mem=2.18GB 58ms/step data=0%
2026-08-10 20:21:44,462 INFO step=17775/20000 total=0.9545 si_sdr=0.21 si_sdri=23.00 lr=9.16e-06 |g|=22.173 mem=2.18GB 52ms/step data=0%
2026-08-10 20:21:45,854 INFO step=17800/20000 total=2.2634 si_sdr=-0.60 si_sdri=22.19 lr=8.96e-06 |g|=12.502 mem=2.18GB 55ms/step data=0%
2026-08-10 20:21:46,055 INFO [ACT LEN FIX] 累计 5000 次 (最近 ratio=160.000)
2026-08-10 20:21:46,110 INFO [ACT LEN FIX] 累计 5000 次 (最近 ratio=160.000)
2026-08-10 20:21:47,215 INFO step=17825/20000 total=0.8963 si_sdr=0.15 si_sdri=22.93 lr=8.76e-06 |g|=19.481 mem=2.18GB 52ms/step data=0%
2026-08-10 20:21:48,527 INFO step=17850/20000 total=1.0991 si_sdr=-0.00 si_sdri=22.78 lr=8.56e-06 |g|=28.981 mem=2.18GB 50ms/step data=0%
2026-08-10 20:21:49,494 INFO Dataset 样本统计 [total=8000] present=0 absent=2645 swap=5355
2026-08-10 20:21:49,547 INFO Dataset 样本统计 [total=8000] present=0 absent=2689 swap=5311
2026-08-10 20:21:49,823 INFO step=17875/20000 total=3.0748 si_sdr=-0.82 si_sdri=21.96 lr=8.36e-06 |g|=31.411 mem=2.18GB 51ms/step data=0%
2026-08-10 20:21:51,118 INFO step=17900/20000 total=2.6895 si_sdr=-0.73 si_sdri=22.06 lr=8.17e-06 |g|=22.731 mem=2.18GB 52ms/step data=0%
2026-08-10 20:21:52,414 INFO step=17925/20000 total=-1.6457 si_sdr=1.47 si_sdri=24.26 lr=7.98e-06 |g|=25.111 mem=2.18GB 55ms/step data=0%
2026-08-10 20:21:53,746 INFO step=17950/20000 total=-1.2359 si_sdr=1.25 si_sdri=24.04 lr=7.79e-06 |g|=19.808 mem=2.18GB 50ms/step data=0%
2026-08-10 20:21:55,043 INFO step=17975/20000 total=2.5550 si_sdr=-0.67 si_sdri=22.11 lr=7.60e-06 |g|=22.835 mem=2.18GB 51ms/step data=0%
2026-08-10 20:21:55,661 INFO [ACT LEN FIX] 累计 6000 次 (最近 ratio=160.000)
2026-08-10 20:21:56,023 INFO Dataset 样本统计 [total=9000] present=0 absent=2961 swap=6039
2026-08-10 20:21:56,076 INFO Dataset 样本统计 [total=9000] present=0 absent=3038 swap=5962
2026-08-10 20:21:56,135 INFO [ACT LEN FIX] 累计 6000 次 (最近 ratio=160.000)
2026-08-10 20:21:56,315 INFO step=18000/20000 total=4.5362 si_sdr=-1.59 si_sdri=21.19 lr=7.41e-06 |g|=28.653 mem=2.18GB 50ms/step data=0%
2026-08-10 20:21:56,378 INFO 存 checkpoint: checkpoint_step18000.pt
2026-08-10 20:21:59,959 INFO Dataset 样本统计 [total=106000] present=0 absent=35333 swap=70667
2026-08-10 20:22:01,857 INFO [ACT LEN FIX] 累计 71000 次 (最近 ratio=160.000)
2026-08-10 20:22:03,676 INFO Dataset 样本统计 [total=107000] present=0 absent=35666 swap=71334
2026-08-10 20:22:07,394 INFO [ACT LEN FIX] 累计 72000 次 (最近 ratio=160.000)
2026-08-10 20:22:07,395 INFO Dataset 样本统计 [total=108000] present=0 absent=36000 swap=72000
2026-08-10 20:22:07,420 INFO   dev_loss=3.2137 dev_sisdr=-0.97 dB
2026-08-10 20:22:08,695 INFO step=18025/20000 total=1.0311 si_sdr=0.26 si_sdri=23.05 lr=7.23e-06 |g|=31.332 mem=2.18GB 50ms/step data=0%
2026-08-10 20:22:09,960 INFO step=18050/20000 total=-0.2122 si_sdr=0.76 si_sdri=23.55 lr=7.05e-06 |g|=40.819 mem=2.18GB 48ms/step data=0%
2026-08-10 20:22:11,233 INFO step=18075/20000 total=-0.6954 si_sdr=0.96 si_sdri=23.74 lr=6.87e-06 |g|=31.532 mem=2.18GB 50ms/step data=0%
2026-08-10 20:22:12,658 INFO step=18100/20000 total=1.0814 si_sdr=-0.01 si_sdri=22.78 lr=6.70e-06 |g|=19.536 mem=2.18GB 49ms/step data=0%
2026-08-10 20:22:13,622 INFO Dataset 样本统计 [total=10000] present=0 absent=3267 swap=6733
2026-08-10 20:22:13,678 INFO Dataset 样本统计 [total=10000] present=0 absent=3387 swap=6613
2026-08-10 20:22:13,946 INFO step=18125/20000 total=3.0936 si_sdr=-0.91 si_sdri=21.88 lr=6.52e-06 |g|=15.964 mem=2.18GB 50ms/step data=0%
2026-08-10 20:22:15,216 INFO step=18150/20000 total=-0.0473 si_sdr=0.56 si_sdri=23.34 lr=6.35e-06 |g|=24.603 mem=2.18GB 52ms/step data=1%
2026-08-10 20:22:16,408 INFO [ACT LEN FIX] 累计 7000 次 (最近 ratio=160.000)
2026-08-10 20:22:16,586 INFO step=18175/20000 total=1.1282 si_sdr=0.11 si_sdri=22.90 lr=6.18e-06 |g|=19.361 mem=2.18GB 52ms/step data=0%
2026-08-10 20:22:17,414 INFO [ACT LEN FIX] 累计 7000 次 (最近 ratio=160.000)
2026-08-10 20:22:18,063 INFO step=18200/20000 total=4.1897 si_sdr=-1.47 si_sdri=21.32 lr=6.02e-06 |g|=35.170 mem=2.18GB 50ms/step data=0%
2026-08-10 20:22:19,328 INFO step=18225/20000 total=2.3025 si_sdr=-0.59 si_sdri=22.20 lr=5.85e-06 |g|=22.579 mem=2.18GB 49ms/step data=0%
2026-08-10 20:22:20,335 INFO Dataset 样本统计 [total=11000] present=0 absent=3614 swap=7386
2026-08-10 20:22:20,387 INFO Dataset 样本统计 [total=11000] present=0 absent=3727 swap=7273
2026-08-10 20:22:20,628 INFO step=18250/20000 total=-0.7328 si_sdr=0.99 si_sdri=23.77 lr=5.69e-06 |g|=26.655 mem=2.18GB 51ms/step data=0%
2026-08-10 20:22:21,913 INFO step=18275/20000 total=3.8244 si_sdr=-1.25 si_sdri=21.54 lr=5.53e-06 |g|=29.469 mem=2.18GB 49ms/step data=0%
2026-08-10 20:22:23,285 INFO step=18300/20000 total=2.8840 si_sdr=-0.74 si_sdri=22.05 lr=5.37e-06 |g|=18.870 mem=2.18GB 60ms/step data=0%
2026-08-10 20:22:24,646 INFO step=18325/20000 total=-2.5788 si_sdr=2.13 si_sdri=24.92 lr=5.21e-06 |g|=23.087 mem=2.18GB 50ms/step data=1%
2026-08-10 20:22:25,930 INFO step=18350/20000 total=4.7586 si_sdr=-1.73 si_sdri=21.06 lr=5.06e-06 |g|=20.239 mem=2.18GB 49ms/step data=1%
2026-08-10 20:22:26,419 INFO [ACT LEN FIX] 累计 8000 次 (最近 ratio=172.455)
2026-08-10 20:22:26,904 INFO Dataset 样本统计 [total=12000] present=0 absent=3957 swap=8043
2026-08-10 20:22:26,953 INFO Dataset 样本统计 [total=12000] present=0 absent=4059 swap=7941
2026-08-10 20:22:27,231 INFO step=18375/20000 total=-0.8750 si_sdr=1.10 si_sdri=23.89 lr=4.91e-06 |g|=21.445 mem=2.18GB 53ms/step data=0%
2026-08-10 20:22:27,284 INFO [ACT LEN FIX] 累计 8000 次 (最近 ratio=160.000)
2026-08-10 20:22:28,495 INFO step=18400/20000 total=6.8974 si_sdr=-2.76 si_sdri=20.03 lr=4.76e-06 |g|=41.056 mem=2.18GB 50ms/step data=0%
2026-08-10 20:22:29,787 INFO step=18425/20000 total=1.1409 si_sdr=0.09 si_sdri=22.88 lr=4.61e-06 |g|=22.293 mem=2.18GB 53ms/step data=0%
2026-08-10 20:22:31,060 INFO step=18450/20000 total=7.2731 si_sdr=-2.92 si_sdri=19.86 lr=4.47e-06 |g|=21.809 mem=2.18GB 51ms/step data=0%
2026-08-10 20:22:32,311 INFO step=18475/20000 total=0.5014 si_sdr=0.32 si_sdri=23.10 lr=4.33e-06 |g|=34.435 mem=2.18GB 48ms/step data=1%
2026-08-10 20:22:33,285 INFO Dataset 样本统计 [total=13000] present=0 absent=4272 swap=8728
2026-08-10 20:22:33,335 INFO Dataset 样本统计 [total=13000] present=0 absent=4397 swap=8603
2026-08-10 20:22:33,574 INFO step=18500/20000 total=2.9745 si_sdr=-0.66 si_sdri=22.12 lr=4.19e-06 |g|=39.351 mem=2.18GB 53ms/step data=0%
2026-08-10 20:22:33,639 INFO 存 checkpoint: checkpoint_step18500.pt
2026-08-10 20:22:37,332 INFO Dataset 样本统计 [total=109000] present=0 absent=36333 swap=72667
2026-08-10 20:22:39,055 INFO [ACT LEN FIX] 累计 73000 次 (最近 ratio=160.000)
2026-08-10 20:22:40,978 INFO Dataset 样本统计 [total=110000] present=0 absent=36666 swap=73334
2026-08-10 20:22:44,589 INFO [ACT LEN FIX] 累计 74000 次 (最近 ratio=160.000)
2026-08-10 20:22:44,590 INFO Dataset 样本统计 [total=111000] present=0 absent=37000 swap=74000
2026-08-10 20:22:44,614 INFO   dev_loss=3.2071 dev_sisdr=-0.96 dB
2026-08-10 20:22:45,883 INFO step=18525/20000 total=4.7380 si_sdr=-1.69 si_sdri=21.10 lr=4.05e-06 |g|=53.410 mem=2.18GB 52ms/step data=0%
2026-08-10 20:22:46,819 INFO [ACT LEN FIX] 累计 9000 次 (最近 ratio=160.000)
2026-08-10 20:22:47,144 INFO step=18550/20000 total=-0.1939 si_sdr=0.76 si_sdri=23.54 lr=3.91e-06 |g|=28.874 mem=2.18GB 51ms/step data=0%
2026-08-10 20:22:48,086 INFO [ACT LEN FIX] 累计 9000 次 (最近 ratio=160.000)
2026-08-10 20:22:48,408 INFO step=18575/20000 total=-0.8182 si_sdr=1.03 si_sdri=23.82 lr=3.78e-06 |g|=28.896 mem=2.18GB 49ms/step data=1%
2026-08-10 20:22:49,679 INFO step=18600/20000 total=5.3069 si_sdr=-2.07 si_sdri=20.71 lr=3.65e-06 |g|=22.259 mem=2.18GB 50ms/step data=0%
2026-08-10 20:22:50,647 INFO Dataset 样本统计 [total=14000] present=0 absent=4588 swap=9412
2026-08-10 20:22:50,697 INFO Dataset 样本统计 [total=14000] present=0 absent=4743 swap=9257
2026-08-10 20:22:50,967 INFO step=18625/20000 total=0.5422 si_sdr=0.28 si_sdri=23.07 lr=3.52e-06 |g|=21.498 mem=2.18GB 50ms/step data=0%
2026-08-10 20:22:52,229 INFO step=18650/20000 total=3.4145 si_sdr=-1.00 si_sdri=21.79 lr=3.39e-06 |g|=15.723 mem=2.18GB 51ms/step data=0%
2026-08-10 20:22:53,502 INFO step=18675/20000 total=-1.2954 si_sdr=1.30 si_sdri=24.08 lr=3.27e-06 |g|=31.767 mem=2.18GB 50ms/step data=0%
2026-08-10 20:22:54,782 INFO step=18700/20000 total=1.0063 si_sdr=0.09 si_sdri=22.88 lr=3.15e-06 |g|=30.350 mem=2.18GB 50ms/step data=0%
2026-08-10 20:22:56,066 INFO step=18725/20000 total=2.6655 si_sdr=-0.79 si_sdri=21.99 lr=3.03e-06 |g|=15.841 mem=2.18GB 48ms/step data=0%
2026-08-10 20:22:56,606 INFO [ACT LEN FIX] 累计 10000 次 (最近 ratio=160.000)
2026-08-10 20:22:57,048 INFO Dataset 样本统计 [total=15000] present=0 absent=4925 swap=10075
2026-08-10 20:22:57,472 INFO [ACT LEN FIX] sample-level activity 360 → 57600 (len(mix)), ratio=160.000  [后续将每 1000 次汇总 1 条]
2026-08-10 20:22:57,473 INFO [ACT LEN FIX] sample-level activity 360 → 57600 (len(mix)), ratio=160.000  [后续将每 1000 次汇总 1 条]
2026-08-10 20:22:57,713 INFO step=18750/20000 total=4.7716 si_sdr=-1.79 si_sdri=21.00 lr=2.91e-06 |g|=21.993 mem=2.18GB 431ms/step data=84%
2026-08-10 20:22:59,010 INFO step=18775/20000 total=5.1580 si_sdr=-2.01 si_sdri=20.77 lr=2.80e-06 |g|=26.798 mem=2.18GB 49ms/step data=1%
2026-08-10 20:23:00,278 INFO step=18800/20000 total=3.3154 si_sdr=-1.01 si_sdri=21.77 lr=2.68e-06 |g|=26.099 mem=2.18GB 58ms/step data=0%
2026-08-10 20:23:01,586 INFO step=18825/20000 total=0.6783 si_sdr=0.36 si_sdri=23.14 lr=2.57e-06 |g|=27.143 mem=2.18GB 53ms/step data=0%
2026-08-10 20:23:02,877 INFO step=18850/20000 total=-1.6078 si_sdr=1.48 si_sdri=24.27 lr=2.47e-06 |g|=27.154 mem=2.18GB 52ms/step data=0%
2026-08-10 20:23:03,862 INFO Dataset 样本统计 [total=1000] present=0 absent=372 swap=628
2026-08-10 20:23:03,912 INFO Dataset 样本统计 [total=1000] present=0 absent=346 swap=654
2026-08-10 20:23:04,152 INFO step=18875/20000 total=3.4457 si_sdr=-1.04 si_sdri=21.75 lr=2.36e-06 |g|=29.787 mem=2.18GB 51ms/step data=0%
2026-08-10 20:23:05,432 INFO step=18900/20000 total=2.5703 si_sdr=-0.75 si_sdri=22.04 lr=2.26e-06 |g|=24.419 mem=2.18GB 50ms/step data=0%
2026-08-10 20:23:06,711 INFO step=18925/20000 total=0.6784 si_sdr=0.24 si_sdri=23.03 lr=2.15e-06 |g|=20.014 mem=2.18GB 50ms/step data=0%
2026-08-10 20:23:06,720 INFO [ACT LEN FIX] 累计 1000 次 (最近 ratio=169.412)
2026-08-10 20:23:06,872 INFO [ACT LEN FIX] 累计 1000 次 (最近 ratio=176.147)
2026-08-10 20:23:07,991 INFO step=18950/20000 total=3.2629 si_sdr=-0.96 si_sdri=21.83 lr=2.06e-06 |g|=31.233 mem=2.18GB 51ms/step data=0%
2026-08-10 20:23:09,275 INFO step=18975/20000 total=-0.1328 si_sdr=0.69 si_sdri=23.47 lr=1.96e-06 |g|=18.081 mem=2.18GB 51ms/step data=0%
2026-08-10 20:23:10,249 INFO Dataset 样本统计 [total=2000] present=0 absent=692 swap=1308
2026-08-10 20:23:10,300 INFO Dataset 样本统计 [total=2000] present=0 absent=694 swap=1306
2026-08-10 20:23:10,576 INFO step=19000/20000 total=0.5014 si_sdr=0.34 si_sdri=23.12 lr=1.87e-06 |g|=16.102 mem=2.18GB 52ms/step data=0%
2026-08-10 20:23:10,643 INFO 存 checkpoint: checkpoint_step19000.pt
2026-08-10 20:23:14,065 INFO Dataset 样本统计 [total=112000] present=0 absent=37333 swap=74667
2026-08-10 20:23:16,067 INFO [ACT LEN FIX] 累计 75000 次 (最近 ratio=160.000)
2026-08-10 20:23:17,845 INFO Dataset 样本统计 [total=113000] present=0 absent=37666 swap=75334
2026-08-10 20:23:21,418 INFO [ACT LEN FIX] 累计 76000 次 (最近 ratio=160.000)
2026-08-10 20:23:21,418 INFO Dataset 样本统计 [total=114000] present=0 absent=38000 swap=76000
2026-08-10 20:23:21,442 INFO   dev_loss=3.2019 dev_sisdr=-0.96 dB
2026-08-10 20:23:22,726 INFO step=19025/20000 total=-0.1266 si_sdr=0.66 si_sdri=23.44 lr=1.77e-06 |g|=19.051 mem=2.18GB 52ms/step data=1%
2026-08-10 20:23:24,001 INFO step=19050/20000 total=-2.1660 si_sdr=1.76 si_sdri=24.55 lr=1.68e-06 |g|=32.357 mem=2.18GB 47ms/step data=0%
2026-08-10 20:23:25,285 INFO step=19075/20000 total=2.9599 si_sdr=-0.82 si_sdri=21.97 lr=1.60e-06 |g|=15.353 mem=2.18GB 51ms/step data=0%
2026-08-10 20:23:26,588 INFO step=19100/20000 total=1.0981 si_sdr=0.15 si_sdri=22.94 lr=1.51e-06 |g|=29.565 mem=2.18GB 59ms/step data=0%
2026-08-10 20:23:27,103 INFO [ACT LEN FIX] 累计 2000 次 (最近 ratio=160.000)
2026-08-10 20:23:27,615 INFO Dataset 样本统计 [total=3000] present=0 absent=1021 swap=1979
2026-08-10 20:23:27,666 INFO Dataset 样本统计 [total=3000] present=0 absent=1019 swap=1981
2026-08-10 20:23:27,668 INFO [ACT LEN FIX] 累计 2000 次 (最近 ratio=160.000)
2026-08-10 20:23:27,904 INFO step=19125/20000 total=-3.2379 si_sdr=2.23 si_sdri=25.02 lr=1.43e-06 |g|=32.777 mem=2.18GB 51ms/step data=0%
2026-08-10 20:23:29,174 INFO step=19150/20000 total=1.0125 si_sdr=0.07 si_sdri=22.85 lr=1.35e-06 |g|=24.883 mem=2.18GB 50ms/step data=0%
2026-08-10 20:23:30,441 INFO step=19175/20000 total=4.0358 si_sdr=-1.34 si_sdri=21.45 lr=1.27e-06 |g|=23.654 mem=2.18GB 52ms/step data=0%
2026-08-10 20:23:31,719 INFO step=19200/20000 total=2.2744 si_sdr=-0.60 si_sdri=22.19 lr=1.19e-06 |g|=32.961 mem=2.18GB 50ms/step data=0%
2026-08-10 20:23:33,017 INFO step=19225/20000 total=2.9782 si_sdr=-0.83 si_sdri=21.95 lr=1.12e-06 |g|=24.603 mem=2.18GB 62ms/step data=0%
2026-08-10 20:23:33,996 INFO Dataset 样本统计 [total=4000] present=0 absent=1341 swap=2659
2026-08-10 20:23:34,045 INFO Dataset 样本统计 [total=4000] present=0 absent=1344 swap=2656
2026-08-10 20:23:34,318 INFO step=19250/20000 total=1.9496 si_sdr=-0.43 si_sdri=22.36 lr=1.05e-06 |g|=23.497 mem=2.18GB 51ms/step data=0%
2026-08-10 20:23:35,600 INFO step=19275/20000 total=1.2076 si_sdr=0.03 si_sdri=22.82 lr=9.81e-07 |g|=21.397 mem=2.18GB 52ms/step data=0%
2026-08-10 20:23:36,550 INFO [ACT LEN FIX] 累计 3000 次 (最近 ratio=160.000)
2026-08-10 20:23:36,873 INFO step=19300/20000 total=0.8914 si_sdr=0.27 si_sdri=23.06 lr=9.15e-07 |g|=18.890 mem=2.18GB 52ms/step data=0%
2026-08-10 20:23:37,314 INFO [ACT LEN FIX] 累计 3000 次 (最近 ratio=160.000)
2026-08-10 20:23:38,161 INFO step=19325/20000 total=-2.2553 si_sdr=1.70 si_sdri=24.49 lr=8.51e-07 |g|=25.017 mem=2.18GB 52ms/step data=0%
2026-08-10 20:23:39,446 INFO step=19350/20000 total=5.4182 si_sdr=-2.13 si_sdri=20.66 lr=7.89e-07 |g|=24.805 mem=2.18GB 51ms/step data=0%
2026-08-10 20:23:40,431 INFO Dataset 样本统计 [total=5000] present=0 absent=1692 swap=3308
2026-08-10 20:23:40,480 INFO Dataset 样本统计 [total=5000] present=0 absent=1682 swap=3318
2026-08-10 20:23:40,719 INFO step=19375/20000 total=2.1715 si_sdr=-0.49 si_sdri=22.30 lr=7.30e-07 |g|=31.400 mem=2.18GB 51ms/step data=1%
2026-08-10 20:23:41,997 INFO step=19400/20000 total=-0.8769 si_sdr=1.07 si_sdri=23.85 lr=6.72e-07 |g|=40.886 mem=2.18GB 51ms/step data=0%
2026-08-10 20:23:43,268 INFO step=19425/20000 total=1.6945 si_sdr=-0.22 si_sdri=22.57 lr=6.18e-07 |g|=28.072 mem=2.18GB 50ms/step data=1%
2026-08-10 20:23:44,647 INFO step=19450/20000 total=1.3358 si_sdr=-0.09 si_sdri=22.70 lr=5.65e-07 |g|=38.200 mem=2.18GB 61ms/step data=0%
2026-08-10 20:23:46,077 INFO step=19475/20000 total=4.1292 si_sdr=-1.28 si_sdri=21.50 lr=5.15e-07 |g|=24.453 mem=2.18GB 49ms/step data=1%
2026-08-10 20:23:46,545 INFO [ACT LEN FIX] 累计 4000 次 (最近 ratio=160.000)
2026-08-10 20:23:47,098 INFO Dataset 样本统计 [total=6000] present=0 absent=2040 swap=3960
2026-08-10 20:23:47,149 INFO Dataset 样本统计 [total=6000] present=0 absent=2011 swap=3989
2026-08-10 20:23:47,326 INFO [ACT LEN FIX] 累计 4000 次 (最近 ratio=160.000)
2026-08-10 20:23:47,419 INFO step=19500/20000 total=3.1030 si_sdr=-0.96 si_sdri=21.82 lr=4.67e-07 |g|=36.714 mem=2.18GB 50ms/step data=0%
2026-08-10 20:23:47,480 INFO 存 checkpoint: checkpoint_step19500.pt
2026-08-10 20:23:51,267 INFO Dataset 样本统计 [total=115000] present=0 absent=38333 swap=76667
2026-08-10 20:23:53,066 INFO [ACT LEN FIX] 累计 77000 次 (最近 ratio=160.000)
2026-08-10 20:23:54,812 INFO Dataset 样本统计 [total=116000] present=0 absent=38666 swap=77334
2026-08-10 20:23:58,344 INFO [ACT LEN FIX] 累计 78000 次 (最近 ratio=160.000)
2026-08-10 20:23:58,345 INFO Dataset 样本统计 [total=117000] present=0 absent=39000 swap=78000
2026-08-10 20:23:58,369 INFO   dev_loss=3.1912 dev_sisdr=-0.96 dB
2026-08-10 20:23:59,649 INFO step=19525/20000 total=2.7399 si_sdr=-0.63 si_sdri=22.15 lr=4.22e-07 |g|=19.310 mem=2.18GB 52ms/step data=0%
2026-08-10 20:24:00,945 INFO step=19550/20000 total=0.8798 si_sdr=0.18 si_sdri=22.97 lr=3.78e-07 |g|=19.259 mem=2.18GB 51ms/step data=0%
2026-08-10 20:24:02,225 INFO step=19575/20000 total=3.9785 si_sdr=-1.28 si_sdri=21.51 lr=3.37e-07 |g|=30.375 mem=2.18GB 51ms/step data=0%
2026-08-10 20:24:03,499 INFO step=19600/20000 total=2.3328 si_sdr=-0.58 si_sdri=22.21 lr=2.99e-07 |g|=19.483 mem=2.18GB 51ms/step data=0%
2026-08-10 20:24:04,505 INFO Dataset 样本统计 [total=7000] present=0 absent=2362 swap=4638
2026-08-10 20:24:04,558 INFO Dataset 样本统计 [total=7000] present=0 absent=2327 swap=4673
2026-08-10 20:24:04,809 INFO step=19625/20000 total=3.6748 si_sdr=-1.19 si_sdri=21.60 lr=2.63e-07 |g|=47.125 mem=2.18GB 54ms/step data=0%
2026-08-10 20:24:06,088 INFO step=19650/20000 total=1.1089 si_sdr=0.03 si_sdri=22.81 lr=2.29e-07 |g|=20.689 mem=2.18GB 49ms/step data=0%
2026-08-10 20:24:07,409 INFO step=19675/20000 total=-1.5531 si_sdr=1.39 si_sdri=24.18 lr=1.97e-07 |g|=24.563 mem=2.18GB 54ms/step data=1%
2026-08-10 20:24:07,419 INFO [ACT LEN FIX] 累计 5000 次 (最近 ratio=221.538)
2026-08-10 20:24:08,024 INFO [ACT LEN FIX] 累计 5000 次 (最近 ratio=181.132)
2026-08-10 20:24:08,761 INFO step=19700/20000 total=0.8612 si_sdr=0.18 si_sdri=22.97 lr=1.68e-07 |g|=23.622 mem=2.18GB 49ms/step data=0%
2026-08-10 20:24:10,031 INFO step=19725/20000 total=1.0061 si_sdr=0.07 si_sdri=22.86 lr=1.41e-07 |g|=26.214 mem=2.18GB 52ms/step data=0%
2026-08-10 20:24:10,994 INFO Dataset 样本统计 [total=8000] present=0 absent=2677 swap=5323
2026-08-10 20:24:11,044 INFO Dataset 样本统计 [total=8000] present=0 absent=2640 swap=5360
2026-08-10 20:24:11,313 INFO step=19750/20000 total=1.0245 si_sdr=0.13 si_sdri=22.92 lr=1.17e-07 |g|=37.668 mem=2.18GB 51ms/step data=0%
2026-08-10 20:24:12,582 INFO step=19775/20000 total=-0.7804 si_sdr=1.06 si_sdri=23.85 lr=9.46e-08 |g|=29.847 mem=2.18GB 49ms/step data=0%
2026-08-10 20:24:13,842 INFO step=19800/20000 total=-0.3166 si_sdr=0.75 si_sdri=23.54 lr=7.48e-08 |g|=27.717 mem=2.18GB 50ms/step data=0%
2026-08-10 20:24:15,105 INFO step=19825/20000 total=0.5807 si_sdr=0.37 si_sdri=23.16 lr=5.72e-08 |g|=37.570 mem=2.18GB 48ms/step data=0%
2026-08-10 20:24:16,368 INFO step=19850/20000 total=-1.1373 si_sdr=1.17 si_sdri=23.96 lr=4.21e-08 |g|=35.427 mem=2.18GB 51ms/step data=0%
2026-08-10 20:24:17,020 INFO [ACT LEN FIX] 累计 6000 次 (最近 ratio=160.000)
2026-08-10 20:24:17,439 INFO Dataset 样本统计 [total=9000] present=0 absent=3001 swap=5999
2026-08-10 20:24:17,486 INFO Dataset 样本统计 [total=9000] present=0 absent=2963 swap=6037
2026-08-10 20:24:17,595 INFO [ACT LEN FIX] 累计 6000 次 (最近 ratio=160.000)
2026-08-10 20:24:17,724 INFO step=19875/20000 total=2.6383 si_sdr=-0.61 si_sdri=22.17 lr=2.92e-08 |g|=32.753 mem=2.18GB 49ms/step data=0%
2026-08-10 20:24:18,984 INFO step=19900/20000 total=1.8221 si_sdr=-0.28 si_sdri=22.51 lr=1.87e-08 |g|=23.655 mem=2.18GB 50ms/step data=0%
2026-08-10 20:24:20,248 INFO step=19925/20000 total=-3.2648 si_sdr=2.26 si_sdri=25.04 lr=1.05e-08 |g|=19.329 mem=2.18GB 49ms/step data=0%
2026-08-10 20:24:21,525 INFO step=19950/20000 total=1.8680 si_sdr=-0.27 si_sdri=22.52 lr=4.67e-09 |g|=15.944 mem=2.18GB 52ms/step data=0%
2026-08-10 20:24:22,798 INFO step=19975/20000 total=2.0274 si_sdr=-0.48 si_sdri=22.30 lr=1.17e-09 |g|=38.036 mem=2.18GB 50ms/step data=0%
2026-08-10 20:24:23,753 INFO Dataset 样本统计 [total=10000] present=0 absent=3362 swap=6638
2026-08-10 20:24:23,789 INFO Dataset 样本统计 [total=10000] present=0 absent=3309 swap=6691
2026-08-10 20:24:24,079 INFO step=20000/20000 total=-0.8970 si_sdr=1.11 si_sdri=23.90 lr=0.00e+00 |g|=32.502 mem=2.18GB 49ms/step data=0%
2026-08-10 20:24:24,144 INFO 存 checkpoint: checkpoint_step20000.pt
2026-08-10 20:24:27,828 INFO Dataset 样本统计 [total=118000] present=0 absent=39333 swap=78667
2026-08-10 20:24:29,618 INFO [ACT LEN FIX] 累计 79000 次 (最近 ratio=160.000)
2026-08-10 20:24:31,391 INFO Dataset 样本统计 [total=119000] present=0 absent=39666 swap=79334
2026-08-10 20:24:34,911 INFO [ACT LEN FIX] 累计 80000 次 (最近 ratio=160.000)
2026-08-10 20:24:34,911 INFO Dataset 样本统计 [total=120000] present=0 absent=40000 swap=80000
2026-08-10 20:24:34,935 INFO   dev_loss=3.1930 dev_sisdr=-0.96 dB
2026-08-10 20:24:35,004 INFO 恢复一致性 max|Δ|=0.000e+00 → PASS
2026-08-10 20:24:35,274 INFO 产物目录: /root/autodl-tmp/P2_work/P2_project/artifacts/experiments/B3_SWAP_v3_strong_fix
2026-08-10 20:24:35,274 INFO 总体判定: PASS
